-- phpMyAdmin SQL Dump
-- version 5.2.0
-- https://www.phpmyadmin.net/
--
-- Хост: 127.0.0.1:3306
-- Время создания: Сен 09 2024 г., 23:00
-- Версия сервера: 10.6.9-MariaDB
-- Версия PHP: 8.1.9

SET SQL_MODE = "NO_AUTO_VALUE_ON_ZERO";
START TRANSACTION;
SET time_zone = "+00:00";


/*!40101 SET @OLD_CHARACTER_SET_CLIENT=@@CHARACTER_SET_CLIENT */;
/*!40101 SET @OLD_CHARACTER_SET_RESULTS=@@CHARACTER_SET_RESULTS */;
/*!40101 SET @OLD_COLLATION_CONNECTION=@@COLLATION_CONNECTION */;
/*!40101 SET NAMES utf8mb4 */;

--
-- База данных: `blog-new`
--

-- --------------------------------------------------------

--
-- Структура таблицы `categories`
--

CREATE TABLE `categories` (
  `id` bigint(20) UNSIGNED NOT NULL,
  `title` varchar(255) COLLATE utf8mb4_unicode_ci NOT NULL,
  `slug` varchar(255) COLLATE utf8mb4_unicode_ci NOT NULL,
  `created_at` timestamp NULL DEFAULT NULL,
  `updated_at` timestamp NULL DEFAULT NULL,
  `sort` int(11) NOT NULL
) ENGINE=InnoDB DEFAULT CHARSET=utf8mb4 COLLATE=utf8mb4_unicode_ci;

--
-- Дамп данных таблицы `categories`
--

INSERT INTO `categories` (`id`, `title`, `slug`, `created_at`, `updated_at`, `sort`) VALUES
(2, 'Путешествия', 'travel', '2024-01-23 09:58:39', '2024-01-23 09:58:39', 2),
(3, 'Lifestyle', 'lifestyle', '2024-01-23 10:02:12', '2024-01-23 10:02:12', 3),
(4, 'Мода', 'fashion', '2024-01-23 10:02:30', '2024-01-23 10:02:30', 4),
(6, 'Дизайн интерьера', 'interior-design', '2024-01-23 15:43:16', '2024-01-23 15:43:16', 1),
(7, 'Кулинария', 'cooking', '2024-01-23 15:43:29', '2024-01-23 15:43:29', 5);

-- --------------------------------------------------------

--
-- Структура таблицы `comments`
--

CREATE TABLE `comments` (
  `id` bigint(20) UNSIGNED NOT NULL,
  `name` varchar(255) COLLATE utf8mb4_unicode_ci DEFAULT NULL,
  `email` varchar(255) COLLATE utf8mb4_unicode_ci NOT NULL,
  `website` varchar(255) COLLATE utf8mb4_unicode_ci DEFAULT NULL,
  `content` text COLLATE utf8mb4_unicode_ci NOT NULL,
  `post_id` bigint(20) UNSIGNED NOT NULL,
  `created_at` timestamp NULL DEFAULT NULL,
  `updated_at` timestamp NULL DEFAULT NULL,
  `user_id` bigint(20) UNSIGNED NOT NULL
) ENGINE=InnoDB DEFAULT CHARSET=utf8mb4 COLLATE=utf8mb4_unicode_ci;

--
-- Дамп данных таблицы `comments`
--

INSERT INTO `comments` (`id`, `name`, `email`, `website`, `content`, `post_id`, `created_at`, `updated_at`, `user_id`) VALUES
(25, NULL, 'artem@mail.com', NULL, 'Очень красивые интерьеры, просто супер!!!', 22, '2024-09-02 16:12:24', '2024-09-02 16:12:24', 10),
(26, NULL, 'artem@mail.com', NULL, 'Лондон очень красивый город, люблю там отдыхать', 19, '2024-09-04 10:08:17', '2024-09-04 10:08:17', 10),
(27, NULL, 'artem@mail.com', NULL, 'Удивительно красивая страна', 20, '2024-09-04 10:08:42', '2024-09-04 10:08:42', 10),
(28, NULL, 'artem@mail.com', NULL, 'Очень красивый интерьер', 1, '2024-09-04 10:09:11', '2024-09-04 10:09:11', 10),
(29, NULL, 'artem@mail.com', NULL, 'Люблю Париж, особенно гулять по набережной Сенны', 2, '2024-09-04 10:09:54', '2024-09-04 10:09:54', 10),
(30, NULL, 'alena@mail.com', NULL, 'Очень красиво подобраны элементы одежды', 14, '2024-09-04 10:11:44', '2024-09-04 10:11:44', 14),
(31, NULL, 'alena@mail.com', NULL, 'Классные рецепты для правильного питания', 16, '2024-09-04 10:12:54', '2024-09-04 10:12:54', 14),
(32, NULL, 'alena@mail.com', NULL, 'Анна, ваши рекомендации очень помогли на отдыхе, спасибо вам большое ', 18, '2024-09-04 10:14:00', '2024-09-04 10:14:00', 14),
(33, NULL, 'alena@mail.com', NULL, 'Очень познавательная статья, в наше время коммуникативные навыки очень важны', 3, '2024-09-04 10:15:23', '2024-09-04 10:15:23', 14),
(34, NULL, 'alena@mail.com', NULL, 'Ка аппетитно выгляди, обязательно приготовлю', 9, '2024-09-04 10:15:52', '2024-09-04 10:15:52', 14),
(35, NULL, 'alena@mail.com', NULL, 'Мой любимый Париж, город романтиков и любви', 2, '2024-09-04 10:17:05', '2024-09-04 10:17:58', 14);

-- --------------------------------------------------------

--
-- Структура таблицы `failed_jobs`
--

CREATE TABLE `failed_jobs` (
  `id` bigint(20) UNSIGNED NOT NULL,
  `uuid` varchar(255) COLLATE utf8mb4_unicode_ci NOT NULL,
  `connection` text COLLATE utf8mb4_unicode_ci NOT NULL,
  `queue` text COLLATE utf8mb4_unicode_ci NOT NULL,
  `payload` longtext COLLATE utf8mb4_unicode_ci NOT NULL,
  `exception` longtext COLLATE utf8mb4_unicode_ci NOT NULL,
  `failed_at` timestamp NOT NULL DEFAULT current_timestamp()
) ENGINE=InnoDB DEFAULT CHARSET=utf8mb4 COLLATE=utf8mb4_unicode_ci;

-- --------------------------------------------------------

--
-- Структура таблицы `likes`
--

CREATE TABLE `likes` (
  `post_id` bigint(20) UNSIGNED NOT NULL,
  `user_id` bigint(20) UNSIGNED NOT NULL
) ENGINE=InnoDB DEFAULT CHARSET=utf8mb4 COLLATE=utf8mb4_unicode_ci;

--
-- Дамп данных таблицы `likes`
--

INSERT INTO `likes` (`post_id`, `user_id`) VALUES
(10, 10),
(12, 10),
(18, 10),
(17, 10),
(20, 10),
(16, 10),
(15, 10),
(14, 10),
(8, 10),
(9, 10),
(2, 10),
(22, 10),
(19, 10),
(1, 10),
(14, 14),
(16, 14),
(18, 14),
(3, 14),
(9, 14),
(2, 14),
(24, 4);

-- --------------------------------------------------------

--
-- Структура таблицы `migrations`
--

CREATE TABLE `migrations` (
  `id` int(10) UNSIGNED NOT NULL,
  `migration` varchar(255) COLLATE utf8mb4_unicode_ci NOT NULL,
  `batch` int(11) NOT NULL
) ENGINE=InnoDB DEFAULT CHARSET=utf8mb4 COLLATE=utf8mb4_unicode_ci;

--
-- Дамп данных таблицы `migrations`
--

INSERT INTO `migrations` (`id`, `migration`, `batch`) VALUES
(1, '2014_10_12_000000_create_users_table', 1),
(2, '2014_10_12_100000_create_password_reset_tokens_table', 1),
(3, '2019_08_19_000000_create_failed_jobs_table', 1),
(4, '2019_12_14_000001_create_personal_access_tokens_table', 1),
(5, '2024_01_20_133213_create_categories_table', 1),
(6, '2024_01_20_133250_create_tags_table', 1),
(7, '2024_01_20_133303_create_posts_table', 1),
(8, '2024_01_20_133322_create_comments_table', 1),
(9, '2024_01_20_133357_create_post_tag_table', 1),
(10, '2024_07_14_232746_change_comments_table', 2),
(11, '2024_07_22_195538_create_likes_table', 3);

-- --------------------------------------------------------

--
-- Структура таблицы `password_reset_tokens`
--

CREATE TABLE `password_reset_tokens` (
  `email` varchar(255) COLLATE utf8mb4_unicode_ci NOT NULL,
  `token` varchar(255) COLLATE utf8mb4_unicode_ci NOT NULL,
  `created_at` timestamp NULL DEFAULT NULL
) ENGINE=InnoDB DEFAULT CHARSET=utf8mb4 COLLATE=utf8mb4_unicode_ci;

--
-- Дамп данных таблицы `password_reset_tokens`
--

INSERT INTO `password_reset_tokens` (`email`, `token`, `created_at`) VALUES
('admin@blog.archakov.pro', '$2y$12$vYP09Kvl4SPNZz72r9Y3eehhcOupsCwd2N6dbzsjd0H6ZuCP6wWYa', '2024-09-02 18:50:36'),
('ahmed.archakov@yandex.ru', '$2y$12$fA.DaU00afsGT/xXlv/P8uVczJqjGeh8eujdzDQl.3Ze68GlpJgUS', '2024-09-04 10:04:51'),
('artem@mail.com', '$2y$12$Xag1y3Uwt43UG5zeu5K3zO7VzvW.l39AcTmEhH41MOlCX4R98spge', '2024-08-08 10:27:34'),
('iceman2000@mail.ru', '$2y$12$bu784uLaZozUQjnGyBmw7euu7QpJZ/3.sn0DV3N8PwQVT/Hl6BNSy', '2024-08-17 17:50:53');

-- --------------------------------------------------------

--
-- Структура таблицы `personal_access_tokens`
--

CREATE TABLE `personal_access_tokens` (
  `id` bigint(20) UNSIGNED NOT NULL,
  `tokenable_type` varchar(255) COLLATE utf8mb4_unicode_ci NOT NULL,
  `tokenable_id` bigint(20) UNSIGNED NOT NULL,
  `name` varchar(255) COLLATE utf8mb4_unicode_ci NOT NULL,
  `token` varchar(64) COLLATE utf8mb4_unicode_ci NOT NULL,
  `abilities` text COLLATE utf8mb4_unicode_ci DEFAULT NULL,
  `last_used_at` timestamp NULL DEFAULT NULL,
  `expires_at` timestamp NULL DEFAULT NULL,
  `created_at` timestamp NULL DEFAULT NULL,
  `updated_at` timestamp NULL DEFAULT NULL
) ENGINE=InnoDB DEFAULT CHARSET=utf8mb4 COLLATE=utf8mb4_unicode_ci;

-- --------------------------------------------------------

--
-- Структура таблицы `posts`
--

CREATE TABLE `posts` (
  `id` bigint(20) UNSIGNED NOT NULL,
  `title` varchar(255) COLLATE utf8mb4_unicode_ci NOT NULL,
  `slug` varchar(255) COLLATE utf8mb4_unicode_ci NOT NULL,
  `description` text COLLATE utf8mb4_unicode_ci NOT NULL,
  `content` text COLLATE utf8mb4_unicode_ci NOT NULL,
  `thumbnail` varchar(255) COLLATE utf8mb4_unicode_ci DEFAULT NULL,
  `views` int(11) NOT NULL DEFAULT 0,
  `show_on_slider` tinyint(4) NOT NULL DEFAULT 0,
  `category_id` bigint(20) UNSIGNED NOT NULL,
  `created_at` timestamp NULL DEFAULT NULL,
  `updated_at` timestamp NULL DEFAULT NULL
) ENGINE=InnoDB DEFAULT CHARSET=utf8mb4 COLLATE=utf8mb4_unicode_ci;

--
-- Дамп данных таблицы `posts`
--

INSERT INTO `posts` (`id`, `title`, `slug`, `description`, `content`, `thumbnail`, `views`, `show_on_slider`, `category_id`, `created_at`, `updated_at`) VALUES
(1, 'Дизайн интерьера в классическом стиле', 'dizayn-interera-v-klassicheskom-stile', 'Классический стиль в дизайне интерьера известен своей роскошью, изысканностью и элегантностью. Он базируется на традиционных формах, пропорциях и деталях, которые придают интерьеру благородство и шик', '<p>Классический стиль в дизайне интерьера известен своей роскошью, изысканностью и элегантностью. Он базируется на традиционных формах, пропорциях и деталях, которые придают интерьеру благородство и шик. Классический стиль подразумевает использование традиционных материалов, таких как мрамор, дерево, шелк и бархат, а также богатую отделку и детализацию.</p>\r\n\r\n<p>Однако, несмотря на все свои достоинства, классический стиль имеет свои недостатки. Он может быть очень дорогостоящим и требовать больших затрат на материалы, мебель и декор. Кроме того, он может оказаться слишком формальным и непрактичным для повседневной жизни, особенно если в доме есть дети или домашние животные.</p>\r\n\r\n<p><img alt=\"\" src=\"/public/uploads/images/6-127.jpg\" /></p>\r\n\r\n<p>В этом контексте минимализм может быть более практичным и эффективным выбором для дизайна интерьера. Он характеризуется простыми формами, чистыми линиями и использованием минимального количества деталей. Минимализм ориентирован на функциональность, удобство и простоту, что может быть особенно полезно для маленьких квартир и студий.Минималистский стиль может быть не только практичным, но и стильным. Он может создать ощущение простора и света, а также помочь сосредоточить внимание на действительно важных элементах интерьера, таких как качественная мебель, хорошая отделка и декоративные акценты.</p>\r\n\r\n<p>Таким образом, хотя классический стиль может быть привлекателен и роскошным, минимализм может быть более практичным и универсальным решением для дизайна интерьера, особенно для тех, кто ценит функциональность и простоту в своей жизни.Несмотря на то, что эти стили представляют собой два разных подхода к дизайну интерьера, они оба могут быть успешными и привлекательными. Выбор между ними зависит от предпочтений и потребностей каждого человека, а также от конкретной ситуации и условий жизни.</p>', 'uploads/DqSDnM6VegM2Ak6asmlhfDHhKsNCIREgPlOdYdfW.jpg', 18, 1, 6, '2024-01-28 13:22:18', '2024-09-04 10:08:55'),
(2, 'Париж, как много в этом звуке...', 'parizh-kak-mnogo-v-etom-zvuke', 'Париж, как многие города с историей и репутацией, для каждого путешественника свой. Кому-то он видится романтичным и загадочным, кому-то строгим и неприступным, кому-то веселым и беззаботным. В любом случае недостатка мест для досуга здесь не было никогда.', '<p>Париж, как многие города с историей и репутацией, для каждого путешественника свой. Кому-то он видится романтичным и загадочным, кому-то строгим и неприступным, кому-то веселым и беззаботным. В любом случае недостатка мест для досуга здесь не было никогда.</p>\r\n\r\n<p>По Парижу не надоедает гулять никогда, даже те, кто был здесь много раз, всегда найдут или откроют для себя что-то новое в многократно виденном. Триумфальная арка и Елисейские поля, Эйфелева башня и Сакрэ-Кёр, Латинский квартал и Сорбонна, Пантеон и Люксембургский сад &ndash; те места, без которых Париж невозможно представить. А новичкам стоит начать знакомство с Парижем с острова Сите, именно здесь когда обосновалось племя паризиев, давших название городу. Бывший королевский замок и тюрьма Консьержери, капелла Сен-Шапель (Святая часовня) с потрясающей красоты витражами и знаменитый собор Парижской Богоматери &ndash; одни из самых знаменитых достопримечательностей города &ndash; находятся именно здесь. В тюрьме Консьержери томилась когда-то красавица и модница королева Мария-Антуанетта. На нее можно посмотреть и сегодня, камеры знаменитых узников тюрьмы воссозданы, а их роль выполняют восковые фигуры. Капелла Сен-Шапель помимо своих витражей знаменита еще и как реликварий, собственно с этими целями ее и строили. Когда-то здесь хранился даже &laquo;терновый венец, обагрённый кровью Христа&raquo;, Людовик Святой купил его для Франции еще в XIII в.</p>\r\n\r\n<p>Символом средневекового Парижа смело можно назвать собор Парижской Богоматери (Нотр-Дам). Герой многих художественных произведений, собор стал одним из знаковых мест Парижа. Именно здесь живут и зловещие химеры и горгульи. Для того чтобы с ними познакомиться, нужно подняться на башни собора. Здесь нужно учесть, что вход платный и лифта нет, триста с лишним ступенек придется преодолевать самостоятельно. Однако виды Парижа с этой высоты стоят потраченных на подъем сил.</p>\r\n\r\n<p>Лувр и музей Д&rsquo;Орсе, безусловно, обязательны к посещению. Времени на них никогда не бывает достаточно, но посмотреть на подлинники Моны Лизы и Венеры Милосской, погрузиться в загадочные картины Босха и чуть размытый, но совершенно волшебный мир импрессионистов просто необходимо. Если времени совсем мало, можно пройти через сад Тюильри и при выходе зайти в павильон Оранжери, где есть &laquo;Кувшинки&raquo; Моне.</p>\r\n\r\n<h3>Парижская опера</h3>\r\n\r\n<p>Наряду с Лувром одной из самых популярных достопримечательностей Парижа была и остается Опера Гарнье. Иначе ее называют Парижская опера, или Гранд-опера. Это один из самых знаменитых музыкальных театров мира. Своим нынешним зданием театр обязан&hellip; покушению на жизнь императора Наполеона III. Оно случилось в старом здании Оперы на улице Лё Пёлетье́. После покушения посещать этот театр император отказался и велел построить новый. Впрочем, до открытия заказанного театра император не дожил, поскольку Опера Гарнье приняла первых зрителей только в 1875 г., а император умер в 1873 г. Кстати, одно из своих названий театр получил по имени архитектора &ndash; Шарля Гарнье.</p>\r\n\r\n<p>Строительство театра обошлось французской казне в баснословную сумму, но он того стоил. Театром в театре иногда называют парадную лестницу Опера Гарнье. Лестница ведет к фойе и к входам в зал, ее вестибюль выложен мрамором, а сама она богато и изящно украшена. Здесь можно и других посмотреть, и себя показать. Иногда здание Парижской оперы называют Палле Гарнье, то есть замок Гарнье. И действительно, часть помещений театра архитектор спланировал по образцу парадных галерей старых замков, например большое фойе.</p>\r\n\r\n<p>В зале Опера 1900 мест, но билеты все-таки стоит заказывать заранее, потому что желающих попасть туда, как правило, намного больше. В ожидании спектакля зрители могут полюбоваться потолком, расписанным в 1964 г. самим Марком Шагалом.</p>\r\n\r\n<p>Если на спектакль по каким-то причинам попасть не получается, а посмотреть театр хочется, туда можно пойти на экскурсию. Есть групповые и индивидуальные экскурсии с гидом или без него. Билет можно купить на сайте театра. Билет на экскурсию дает право на посещение не только театра, но и библиотеки-музея, который в нем расположен. Ее коллекции &ndash; это история Оперы и ее спектаклей за последние три века. Кроме того, здесь на протяжении года устраиваются тематические выставки.</p>\r\n\r\n<p>Музыкальные спектакли идут в двух знаниях &ndash; наряду с Опера Гарнье есть еще и Опера Бастилии, получившая свое название от Бастильского вокзала, где она была построена в 1989 г. Это современное здание с куда большим, чем в Гарнье, залом. В последнее время многие классические балетные и оперные постановки идут именно здесь, в то время как Опера Гарнье предоставляет свою сцену более современным, модерновым постановкам. В Оперу Бастилии тоже можно пойти на экскурсию, правда, только в сопровождении гида.</p>\r\n\r\n<h3>Кабаре</h3>\r\n\r\n<p>Какой Париж без канкана? Его, как много лет назад, можно посмотреть в кабаре &laquo;Мулен Руж&raquo;, что в 18-м муниципальном округе на бульваре Клиши, недалеко от площади Пигаль. 1889 г. был богат на знаковые в истории города события, именно в этом году проходила Всемирная выставка, к работе которой было приурочено и открытие кабаре. Название кабаре дала, как известно, красная мельница. &laquo;Мулен Руж&raquo; тех лет заботливо запечатлел для нас Анри де Тулуз-Лотрек, правда, с тех времен там мало что изменилось. Канкан по-прежнему правит бал, танцовщицы всё также ослепительны, и никакие пожары и войны не смогли этому помешать. Программа в &laquo;Мулен Руж&raquo; меняется раз в пять лет, и сейчас там можно увидеть шоу &laquo;Феерия&raquo;, где заняты 80 артистов, меняющих около 1000 костюмов. Это ревю признано наиболее удачной программой кабаре.</p>\r\n\r\n<h3>Кулинарный праздник</h3>\r\n\r\n<p>Париж богат ресторанами на любой вкус и диету, а нагулять аппетит здесь не составляет труда. Как ни странно, но найти в Париже ресторан, где подавали бы пресловутые лягушачьи лапки, не так просто. Высокая кухня, фьюжн, небольшие кофейни, просто забегаловки &ndash; в изобилии, а вот за лакомством из лягушек придется побегать. Больше всего ресторанов с аутентичной кухней находится в Латинском квартале.</p>\r\n\r\n<p>Небольшой уютный ресторан Roger la Grenouille &ndash; как раз один из тех мест в Латинском квартале, где предлагают большое разнообразие лягушачьих лапок. Есть классические, в соусе тар-тар, лапки с каперсами и лимонами, с чесноком, с розмарином и т.д. Здесь подают и улиток, и фуа-гра разных видов и под разными соусами. Ассортимент других блюд также интересен и разнообразен, есть и птица, и рыба, и мясо. Порция лягушачьих лапок стоит от 30 евро, другие горячие блюда &ndash; от 17 евро, десерты &ndash; в пределах 10 евро. Ресторан небольшой, но уютный, повсюду изображены лягушки, есть и фигурки, и даже картины с ними. Следует учесть, что ресторан работает в определенные часы: с 12.00 до 14.00 и с19.00 до 23.00 и столиков в нем немного, поэтому место лучше забронировать заранее.</p>\r\n\r\n<p>Для торжественных ужинов в узком кругу подойдет ресторан &laquo;Жюль Верн&raquo;, который находится на втором ярусе Эйфелевой башни. Таким образом, помимо вкусной еды можно еще наслаждаться панорамным видом на вечерний или ночной Париж. Столики лучше бронировать заранее, тем более что теперь это можно сделать через Интернет. Ресторан находится под управлением обладателя нескольких звезд Мишлена Алена Дюкасса. Здесь подают блюда классической французской кухни, а винная карта содержит не одну сотню наименований. И, как говорил Ги де Мопассан, обедавший когда-то в том ресторане, что был на этом месте до &laquo;Жюль Верна&raquo;, это единственное место во всем огромном Париже, откуда не видно Эйфелевой башни.</p>', 'uploads/1RawSTOLMCNKmRUlglTo0BaR6WFJgt3MWX5NTnuD.jpg', 30, 1, 2, '2024-01-28 18:35:41', '2024-09-04 10:17:40'),
(3, 'Как развить коммуникативные навыки', 'kak-razvit-kommunikativnye-navyki', 'Коммуникативные навыки – это важнейшие способности для налаживания эффективного общения во всех сферах жизни каждого человека. В нынешних условиях они имеют огромную ценность, поскольку без них невозможно представить успешный процесс взаимодействия между людьми.', '<p>Коммуникативные навыки &ndash; это важнейшие способности для налаживания эффективного общения во всех сферах жизни каждого человека. В нынешних условиях они имеют огромную ценность, поскольку без них невозможно представить успешный процесс взаимодействия между людьми. Данные умения особенно важны в профессиях, которые предполагают постоянное общение с окружающими, проведение переговоров с партнерами, налаживание социальных контактов. Узнать о том, как развить в себе коммуникативные навыки вы сможете, прочитав эту статью.</p>\r\n\r\n<h2>13 эффективных способов развить навыки коммуникации</h2>\r\n\r\n<p>Не все рождаются с коммуникативными навыками, но при должном старании практически каждый может научиться говорить красиво и убедительно. Ниже приведем несколько полезных советов.</p>\r\n\r\n<h3>Оценивайте и улучшайте свои коммуникативные способности</h3>\r\n\r\n<p>В первую очередь вам стоит объективно оценить свои врожденные способности к общению. Запишите свою речь, а затем прослушайте или просмотрите запись, чтобы проанализировать ее. Обратите внимание на моменты, которые требуют улучшения, и работайте над ними. Если это возможно, попросите близких людей изучить полученный материал и дать объективную оценку. Важно подумать о том, как вы взаимодействуете с другими: эмоционально, агрессивно, нерешительно, с использованием слабых аргументов или ошибочных предположений. Затем сконцентрируйтесь на основных проблемах и ищите способы их решения.</p>\r\n\r\n<p>Отличный вариант &ndash; записывать собственные телефонные разговоры, а затем внимательно прослушивать их, оценивать тон, темп, эмоциональную окраску и содержание. Постарайтесь понять, что вам нравится, а над чем необходимо поработать. Просите собеседников давать свои комментарии, сравните собственные выводы с полученной информацией. Проделывайте такое упражнение на регулярной основе, чтобы отслеживать достижения и определять новые аспекты, над которыми нужно еще поработать.</p>\r\n\r\n<h3>Практикуйтесь перед зеркалом</h3>\r\n\r\n<p>Выберите какой-нибудь монолог или тему и поговорите с самим собой с помощью зеркала. Это поможет вам лучше понять, что важно для развития коммуникативных навыков. Начните с интересной идеи и постарайтесь развить ее в полноценную беседу. Не забывайте использовать аргументы, чтобы подкрепить свою точку зрения. Проследите в этот момент за своей мимикой, жестикуляцией и эмоциями, чтобы понять, как вас видит собеседник.</p>\r\n\r\n<h3>Делайте специальные упражнения</h3>\r\n\r\n<p>Профессиональные техники для развития речи и скороговорки помогут вам научиться говорить более красиво и понятно для других людей. Обратите внимание на то, как говорят дикторы, ведущие и знаменитые ораторы. Их речь чиста, они не картавят, не &ldquo;проглатывают&rdquo; слова, украшают речь междометиями и красивыми оборотами. Возьмите за основу несколько упражнений, регулярно их отрабатывайте, и уже в скором времени вы заметите результат.</p>\r\n\r\n<h3>Игра &ldquo;Загадка Льюиса Кэрролла&rdquo;</h3>\r\n\r\n<p>Это очень интересное упражнение, позволяющее развить нестандартное мышление, фантазию и, соответственно, коммуникативные навыки. Выполнять в одиночку его не так интересно, поэтому лучше пригласить друга или родственника, чтобы весело и с пользой провести время. Суть игры очень проста: первый участник выбирает любое слово и задает вопрос &ldquo;чем оно похоже на&hellip;?&rdquo;. Второй называет другое слово. Например, &ldquo;Чем слон похож на дом?&rdquo;. Затем происходит обсуждение различных вариантов сходства между этими двумя словами. Данное упражнение можно выполнять с детьми и взрослыми, в кругу друзей или семьи.</p>\r\n\r\n<h3>Учитесь искусству изложения</h3>\r\n\r\n<p>Каждый из нас знает, что такое изложение. В школе нам воспроизводили текст, мы слушали его, а затем писали в тетради краткий пересказ. Здесь суть та же, только необходимо передать услышанное в устной форме, а не письменной. Начните с любимого фильма, интересной статьи или монолога, попробуйте пересказать текст с чувством, придав ему эмоциональный окрас.</p>\r\n\r\n<h3>Развивайте умение вставлять в разговор умные мысли и цитаты</h3>\r\n\r\n<p>Это очень полезный навык, поскольку иногда удачно подобранная фраза или мудрое высказывание может стать решающим аргументом в споре, после которого оппоненту нечего будет возразить. Чтобы стать интересным собеседником, расширяйте свой кругозор и словарный запас, читая литературу по интересующим вас темам. Самые интересные и умные цитаты записывайте в блокнот и учитесь их применять по ситуации.</p>\r\n\r\n<h3>Исключите из речи слова-паразиты</h3>\r\n\r\n<p>У многих людей в разговоре проскакивают слова, засоряющие речь, делая ее некрасивой. От них необходимо избавляться, чтобы стать интересным собеседником, с которым приятно общаться на любые темы.</p>\r\n\r\n<h3>Игра &ldquo;Крокодил&rdquo;</h3>\r\n\r\n<p>Эта увлекательная игра, которую все знают с ранних лет, является отличным способом развития навыков общения, улучшения невербальной коммуникации и умения понимать друг друга без слов. Более того, она не только помогает улучшить коммуникативные навыки, но и расширяет кругозор, помогает в развитии нестандартного мышления, создает атмосферу открытости и способствует сплочению команды.</p>\r\n\r\n<h3>Начните читать книги</h3>\r\n\r\n<p>Чем больше вы читаете, тем лучше вы взаимодействуете с окружающими, поскольку ваш речевой запас пополняется новыми словами. Люди, которые любят книги, как правило, умеют хорошо и красиво изъясняться, а также всегда знают, что сказать. Если вы хотите стать хорошим собеседником, начните с привычки читать произведения классической и современной литературы.</p>\r\n\r\n<h3>Учитесь активному слушанию</h3>\r\n\r\n<p>Практикуйте активное слушание, делая акцент на том, чтобы слушать больше, чем говорить. Подавайте собеседнику сигналы, показывающие вашу заинтересованность в разговоре, кивайте или задавайте уточняющие вопросы.</p>\r\n\r\n<h3>Установите цель</h3>\r\n\r\n<p>Определите одного человека из вашего круга общения, с которым вам сложнее всего находить общий язык, поставьте перед собой цель улучшить вашу коммуникацию. Возможно, вы могли бы выполнить вместе какое-то рабочее или общественное задание, сходить в кафе или на прогулку в парк, посмотреть фильм, а затем обсудить его. Главной задачей этого упражнения является научиться принимать противоположные вашему мнению точки зрения, контролировать свои эмоции и прислушиваться к другому человеку. Если у вас получится наладить контакт, цель будет достигнута.</p>\r\n\r\n<h3>Старайтесь чаще улыбаться</h3>\r\n\r\n<p>Искренняя улыбка может стать отличным инструментом для развития коммуникативных навыков. Если вам трудно улыбаться, вы можете использовать браслет и кольцо, которое необходимо надевать на другую руку каждый раз, когда не улыбаетесь при приветствии собеседника или ответе на вопрос. Если вы часто разговариваете с клиентами по телефону, поставьте напротив себя зеркало, с помощью которого можно видеть свое выражение лица. Обычно людям не нравится видеть собственное недовольное отражение, а что говорить о собеседнике? Даже на другом конце провода человек сможет понять, что вы улыбаетесь, и тогда разговор пройдет на более приятной ноте.</p>\r\n\r\n<h3>Выстраивайте конструктивный диалог</h3>\r\n\r\n<p>Разговор может быть результативным в том случае, если он помогает упорядочить мысли и прийти к взаимопониманию. Для достижения этой цели старайтесь не уходить в эмоции и возвращать обсуждение к основной теме.</p>\r\n\r\n<p>Коммуникативные навыки играют важную роль в современном мире, поскольку они позволяют добиваться успехов в карьере, личной и социальной жизни. Особенно они важны при трудоустройстве на должность, где подразумевается регулярное общение с клиентами и партнерами, ведение переговоров или осуществление продаж. Развить их можно с помощью специальных упражнений, чтения книг, постоянных тренировок и отслеживания результатов.</p>', 'uploads/4C8daU2iLheRpkHvCIcZuLGpg9meIsvaD3Fb4Zle.jpg', 19, 1, 3, '2024-01-28 18:55:59', '2024-09-04 10:14:54'),
(8, 'Эти 9 цветов будут преобладать в модных гардеробах 2024', 'eti-9-cvetov-budut-preobladat-v-modnyh-garderobah-2024', 'Прямо сейчас узнайте, какого цвета платье стоит купить, что выглядеть ультрамодно в 2024 году. От хитового Пушистого Персика до изысканного Зеркального Серебра – любой из 9 представленных оттенков произведет фурор. Выбирайте модный цвет 2024 и расцвечивайте свой весенний гардероб.', '<p>Прямо сейчас узнайте, какого цвета платье стоит купить, что выглядеть ультрамодно в 2024 году. От хитового Пушистого Персика до изысканного Зеркального Серебра &ndash; любой из 9 представленных оттенков произведет фурор. Выбирайте модный цвет 2024 и расцвечивайте свой весенний гардероб.</p>\r\n\r\n<p>Прежде чем говорить о модных оттенках, стоит уточнить полезную вещь: цвета не так быстро выходят из моды, как фасоны, и, вследствие цикличности трендов, гораздо быстрее возвращаются, поэтому цветовые тенденции стоят того, чтобы в них инвестировать.</p>\r\n\r\n<p>Просматривая модные коллекции, представленные на подиумах, я заметила, что палитра 2024 сосредоточена вокруг девяти стильных цветов. Каких? Сейчас узнаете, более того, я подобрала стильные вещи в каждом оттенке из немецких интернет-магазинов, которые вы можете заказать прямо сейчас.</p>\r\n\r\n<h3>1. Модные цвета 2024 в одежде: Бледно-желтый</h3>\r\n\r\n<p><img alt=\"\" src=\"/public/uploads/images/moda-2.jpg\" /></p>\r\n\r\n<p>В прошлом году мы узнали новый термин &laquo;Тихая роскошь&raquo;, эстетика чистоты, минимализма и неброской классики стала долгоиграющим трендом, а палитра спокойных цветов класса люкс триумфально перешла и в 2024 год. Один из представителей стиля &ndash; бледно-желтый оттенок, стал новым нейтральным: при разном освещении он выглядит по-разному, то как темно-кремовый, то как бежевый. Отсюда его невероятная популярность. Оцените тонкое изящество бледно-желтого и дополните им свой гардероб.</p>\r\n\r\n<h3>2. Модные цвета 2024 в одежде: Выбелено голубой</h3>\r\n\r\n<p><img alt=\"\" src=\"/public/uploads/images/moda-3.jpg\" /></p>\r\n\r\n<p>В прошлые сезоны мы примеряли на себя активный ультрамарин, и классический синий, и загадочный Very Peri. В новом сезоне все они уступают место бледно-голубому. Пожалуй, его можно назвать самым модным цветом сезона. Это один из редких оттенков, который подходит всем &mdash; любому оттенку кожи и волос, что делает его универсальным.</p>\r\n\r\n<h3>3. Модные цвета 2024 в одежде: Оранжевый</h3>\r\n\r\n<p><img alt=\"\" src=\"/public/uploads/images/moda-6.jpg\" /></p>\r\n\r\n<p>Институт цвета Pantone объявил Пушистый Персик главным цветом 2024 года, и очевидно, что вдохновением для этого решения послужил сезон весна-лето 2024, представленный дизайнерами. Наряду с мягкими персиковыми оттенками, оранжевый сам по себе оказался повторяющейся темой подиумов, которую можно увидеть повсюду, от Bottega Veneta, где оттенки апельсиновой корки были усилены кожей, до Carven, где тонкий шифон добавил нежности абрикосовым нюансам.</p>\r\n\r\n<h3>4. Модные цвета 2024 в одежде: Стальной серый</h3>\r\n\r\n<p><img alt=\"\" src=\"/public/uploads/images/moda-5.jpg\" /></p>\r\n\r\n<p>Принято считать, что серый не может быть модным, ведь он априори вне моды. Его универсальность делает его незаменимым и незаметным. Однако весной 2024 идея заключается в том, как носить серый, а именно, рекомендуется манера total grey, серый &ndash; с головы до ног. Одним словом, выбирайте универсальную серую гамму и придумывайте ультрамодные сочетания.</p>\r\n\r\n<h3>5. Модные цвета 2024 в одежде: Вишнево-красный</h3>\r\n\r\n<p><img alt=\"\" src=\"/public/uploads/images/moda-6.jpg\" style=\"height:495px; width:870px\" /></p>\r\n\r\n<p>Модный в 2023 году розовый все больше насыщается красными тонами, превращаясь в вишнево-красный. Так что, приготовьтесь &ndash; весной и летом вы увидите немало красных пальто, свитеров и платьев. А может быть, среди них есть и ваше?</p>\r\n\r\n<h3>6. Модные цвета 2024 в одежде: Шоколадно-коричневый</h3>\r\n\r\n<p><img alt=\"\" src=\"/public/uploads/images/moda-7(1).jpg\" /></p>\r\n\r\n<p>Из всех тенденций 90-х, которые вернулись на подиумы за последнее время, коричневый цвет выделяется наибольшей привлекательностью. Он вернулся в каком-то новом облике и в новом настроении. То, что шоколадно-коричневый &ndash; один из фаворитов 2024, нет сомнений &ndash; просто посмотрите новые коллекции Loewe, Ferragamo, Givenchy, Gucci, Herm&egrave;s, Max Mara, Michael Kors и Saint Laurent. И испытайте этот благородный оттенок на себе.</p>\r\n\r\n<h3>7. Модные цвета 2024 в одежде: Белоснежный</h3>\r\n\r\n<p><img alt=\"\" src=\"/public/uploads/images/moda-8.jpg\" /></p>\r\n\r\n<p>Казалось бы, белый &ndash; это вовсе не тренд, потому что он классика, неподвластная времени. Однако в новом сезоне дизайнеры умудрились из белого сделать новый белый! Использовав белый в различных сочетаниях материалов &ndash; хлопке, коже, шифоне, шелке, шерсти, они придали белому максимум свежести и белизны. Ну как обойтись летом без белого платья?</p>\r\n\r\n<h3>8. Модные цвета 2024 в одежде: Фисташково-зеленый</h3>\r\n\r\n<p><img alt=\"\" src=\"/public/uploads/images/moda-9.jpg\" /></p>\r\n\r\n<p>В каждом сезоне зеленый является популярным цветовым трендом, просто меняются его оттенки. В 2024 году дизайнеры предложили наиболее утонченную интерпретацию &ndash; шалфейный, фисташковый, лавровый, одним словом, светло-зеленый. Только посмотрите, как изумительно смотрится фисташково-зеленый в одежде.</p>\r\n\r\n<h3>9. Модные цвета 2024 в одежде: Зеркально-серебряный</h3>\r\n\r\n<p>Одним из самых громких модных возвращений последних нескольких сезонов, несомненно, стало серебро. Металлический оттенок давно вышел из моды, уступив место золоту. И вот! В 2024-м серебристо засверкало все: от джинсов, до платьев, сумочек и обуви. Причем, не просто засверкало, а начало пускать кокетливых зайчиков от своей зеркальной поверхности. Как вам такая полномасштабная навязчивая идея? Хотите попробовать?</p>', 'uploads/NvlcRYmhVSV5C3xtgIiEQm5eLJfnk1eRVPSsxq1X.jpg', 30, 0, 4, '2024-01-29 18:37:54', '2024-08-10 13:54:30'),
(9, 'Паста карбонара с беконом и сыром', 'pasta-karbonara-s-bekonom-i-syrom', 'Много споров по поводу какой должна быть паста карбонара — с сыром или без, с жидким соусом или нет. Я скажу вам лишь одно, в порту на острове Капри, готовя пасту карбонару сыр добавляют. Я скажу вам даже больше – сыра добавляют очень много...', '<p>Много споров по поводу какой должна быть паста карбонара &mdash; с сыром или без, с жидким соусом или нет. Я скажу вам лишь одно, в порту на острове Капри, готовя пасту карбонару сыр добавляют. Я скажу вам даже больше &ndash; сыра добавляют очень много. У них очень жидкий сливочный соус. Но, я для себя поняла, что это очень жирно, поэтому грею сливки до тех пор, пока соус практически не загустеет. Вы же, опираясь на базовые ингредиенты можете создать свой уникальный вариант вкуса, который подойдет именно вам.</p>\r\n\r\n<p><strong>Ингредиенты:</strong><br />\r\nСпагетти &ndash; 250 гр.<br />\r\nБекон &mdash; 200 г<br />\r\nЧеснок &ndash; 2 зубчика.<br />\r\nСливки 20% &mdash; 250 гр.<br />\r\nЖелток &mdash; 2 шт.<br />\r\nТертого пармезан &mdash; 50 гр.<br />\r\nБазилик или петрушка.<br />\r\nСвежемолотый черный перец<br />\r\nСоль</p>\r\n\r\n<p><strong>Приготовление:</strong><br />\r\n1. Варим спагетти, как указано на упаковке.<br />\r\n2. Бекон нарезаем соломкой.<br />\r\n3. Обжариваем бекон на сухой сковороде.<br />\r\n4. Измельчаем чеснок. Как только бекон поджариться. Добавляем к нему чеснок.<br />\r\n5. Отдельно соединяем сливки, пармезан и желтки. Перемешиваем.<br />\r\n6. Зелень мелко рубим. По классике базилик, но у меня не было, смело можно заменить петрушкой.<br />\r\n7. Когда спагетти сварятся перекладываем из в сотейник с беконом и чесноком.<br />\r\n8. Добавляем сливки с сыром и желтками, перемешиваем. Добавляем зелень и снимаем с огня.</p>\r\n\r\n<p>Если сливки быстро впитались можно добавить к спагетти воды, оставшейся от варки спагетти, тем самым сделав соус более жидким. Когда мы были в Италии в 2017 году, то ели и более сухую карбонару, и более жидкую. Здесь уже на любителя.<br />\r\nЯ этот раз я сделала соус более густой. Его практически не видно. Вы же можете экспериментировать, и выбрать тот вариант, который вам понравится больше всего!</p>', 'uploads/zxFXSeNzhi2tg4Y3hFmPUDS0DrRfNfIfmqUhKOkO.jpg', 81, 1, 7, '2024-01-29 19:46:05', '2024-09-04 10:15:34'),
(10, 'Дизайн интерьера в стиле минимализм', 'dizayn-interera-v-stile-minimalizm', 'Не все так просто с минимализмом. И хоть в названии этого стиля есть приставка «мини», интерьер усложняется необходимостью обеспечить комфорт, мобильность и привлекательность за счет минимума интерьерной отделки и лишних деталей.', '<p>Не все так просто с минимализмом. И хоть в названии этого стиля есть приставка &laquo;мини&raquo;, интерьер усложняется необходимостью обеспечить комфорт, мобильность и привлекательность за счет минимума интерьерной отделки и лишних деталей.</p>\r\n\r\n<p>Интересно, что получится в итоге?&nbsp; Предлагаем ознакомится.</p>\r\n\r\n<h3>Истоки и основной принцип&nbsp;</h3>\r\n\r\n<p><img alt=\"\" src=\"/public/uploads/images/Images2/visa_new_york-5-scaled.jpg\" /></p>\r\n\r\n<p>Минимализм пришел в Западную Европу, а потом уже к нам из далекой Японии, необычной страны с философией аскетического одиночества и глубокой внутренней сосредоточенности.&nbsp;</p>\r\n\r\n<p>Для японцев, привыкших жить в условиях высокой плотности населения, главным правилом в обустройстве жилища является освобождение пространства, которое обеспечит ощущения легкости, безграничности и позволит мысленно сконцентрироваться.&nbsp;Стиль призван создать баланс между внешним и внутренним миром.&nbsp;</p>\r\n\r\n<h3>Основные черты минимализма в дизайне интерьера</h3>\r\n\r\n<ul>\r\n	<li>только натуральные природные материалы в отделке (дерево, кожа, камень, шерсть);</li>\r\n	<li>\r\n	<p>потолки. Стены. Пол. Оформляются в соответствии с правилами однотонности и отсутствия рисунков;</p>\r\n	</li>\r\n	<li>\r\n	<p>свобода пространства;</p>\r\n	</li>\r\n	<li>\r\n	<p>&laquo;умная&raquo; мебель и встроенная техника, которые обеспечивают функциональность и не занимают более четверти помещения;</p>\r\n	</li>\r\n	<li>\r\n	<p>использование четких линий и строгая геометрия форм;</p>\r\n	</li>\r\n	<li>\r\n	<p>хранение всех вещей скрыто из зрительного восприятия. На виду остаются только те предметы, которые представляют исключительную ценность для своего владельца.&nbsp;</p>\r\n	</li>\r\n	<li>\r\n	<p>палитра выдержана в одном базовом цвете, который разбавляется 2-3 оттенками;</p>\r\n	</li>\r\n	<li>\r\n	<p>массивные окна;</p>\r\n	</li>\r\n	<li>\r\n	<p>максимально естественное освещение. Окна без штор &mdash; идеальны, однако допустимы жалюзи. Искусственные источники освещения должны быть скрыты (потолки с подвеской, подсветка софитами и др.) и создавать рассеянный свет без напряжения для глаз;</p>\r\n	</li>\r\n	<li>\r\n	<p>никакого декора. Речь идет о статуэтках, скульптурах, вазочках, сервизах. Фото и картины должны иметь максимально простое обрамление, без лепнины и прочей вычурности.</p>\r\n	</li>\r\n</ul>\r\n\r\n<h3>Преимущества и недостатки стиля</h3>\r\n\r\n<p>В целом, стиль минимализм в дизайне имеет множество преимуществ, таких как простота и функциональность, экономия места и денег, а также чистый и очищенный дизайн. Однако, некоторые могут считать, что минимализм выглядит слишком стерильно и холодно, а также требует большого внимания к деталям, чтобы не скатиться в однообразие.</p>\r\n\r\n<h3>Как не нарушить минималистический дизайн ?&nbsp;</h3>\r\n\r\n<ul>\r\n	<li>\r\n	<p>первоначально нужно выбрать мебель, которую легче подобрать к цвету стен, потолков;</p>\r\n	</li>\r\n	<li>\r\n	<p>не пренебрегайте комфортом и удобством. Красота и эстетика не позволит Вам расслабиться;</p>\r\n	</li>\r\n	<li>\r\n	<p>минимализм не приемлет ничего лишнего в своем интерьере. Даже, если Вы купили какую-то милую безделицу, не поддавайтесь искушению поставить ее на всеобщее обозрение;</p>\r\n	</li>\r\n	<li>\r\n	<p>все ненужное с глаз долой. Не накапливайте вещи, убирайте в ящики;</p>\r\n	</li>\r\n	<li>\r\n	<p>строгость и прямолинейность форм &mdash; это правильно. Круглые стулья, пуфики, допустимы, но не переборщите.</p>\r\n	</li>\r\n</ul>\r\n\r\n<h3>Минимализм не только в интерьере, но и в стиле работы</h3>\r\n\r\n<p>Несправедливо было бы не упомянуть, что минимализм &mdash; это стиль, который не собирает пыль. Лучшее решение для тех, кто не тяготеет к периодическим генеральным уборкам, является сторонником аккуратности и упорядоченности.</p>', 'uploads/eltelYrvmDlF7WXFlda2Ba8kY8NrYbtEH8AjNKNr.jpg', 200, 1, 6, '2024-01-29 19:53:34', '2024-08-28 10:08:27'),
(11, 'Дизайн интерьера в стиле арт-деко', 'dizayn-interera-v-stile-art-deko', 'Арт-деко — это стиль, который появился в начале 20-х годов XX века и стал популярным до середины 30-х годов. Он отличается элегантностью, роскошью и утонченностью. Арт-деко характеризуется использованием геометрических форм, изысканных узоров и гладких поверхностей.', '<p>Арт-деко &mdash; это стиль, который появился в начале 20-х годов XX века и стал популярным до середины 30-х годов. Он отличается элегантностью, роскошью и утонченностью. Арт-деко характеризуется использованием геометрических форм, изысканных узоров и гладких поверхностей.</p>\r\n\r\n<p>Одной из основных черт стиля является использование материалов высокого качества, таких как мрамор, золото, хрусталь и драгоценные камни. Кроме того, стиль арт-деко часто использует сочетание контрастных цветов, таких как черный и белый или черный и золотой.</p>\r\n\r\n<p>В дизайне интерьеров арт-деко часто используются геометрические узоры, например, шестиугольные и треугольные формы, а также прямые линии и кривые формы. Известным элементом декора стиля является изображение газелей, леопардов и других животных, выполненных в виде статуэток, резных деталей или на обоях.</p>\r\n\r\n<p>В арт-деко важно сохранять баланс между различными элементами декора и мебели, чтобы создать эффектный образ. Основной принцип стиля &mdash; сочетание функциональности и эстетики. В этом стиле интерьера важно создать уют и комфорт, но не забывать о роскоши и элегантности.</p>\r\n\r\n<p>Арт-деко в дизайне интерьера подходит для тех, кто ищет изысканный и роскошный стиль, который сочетает в себе историческое наследие и современность. Использование элементов арт-деко в дизайне может быть отличным способом добавить роскошный и элегантный штрих в ваш интерьер.</p>\r\n\r\n<p>Для кого подойдет этот стиль?</p>\r\n\r\n<p>Стиль арт-деко может подойти для тех, кто ищет роскошный и элегантный интерьер с изысканным декором и высококачественными материалами. В квартире, оформленной в стиле арт-деко, будут чувствовать себя комфортно люди, которые ценят искусство и историческое наследие.</p>\r\n\r\n<p>Арт-деко также может быть идеальным выбором для тех, кто хочет создать интерьер, который оставляет впечатление и отличается от стандартных решений. В то же время, стиль арт-деко может подойти не всем, так как он требует больших затрат на дорогие материалы и детали декора, а также может быть слишком эклектичным и неоднородным для некоторых вкусов.</p>\r\n\r\n<p>Кроме того, стиль арт-деко может быть особенно привлекательным для тех, кто живет в старых зданиях с историческими элементами интерьера. Арт-деко может помочь сохранить и подчеркнуть архитектурные детали и придать интерьеру особый шарм.</p>\r\n\r\n<p>В целом, стиль арт-деко может подойти для тех, кто ценит элегантность и роскошь в интерьере и готов вложить время и средства в создание уникального и запоминающегося дизайна.</p>', 'uploads/cutjXrnuqqZ2ECKDQgfiiBSlKHzy0OFpA4ZEn6yG.jpg', 5, 0, 6, '2024-02-01 19:41:18', '2024-08-08 10:37:29'),
(12, 'С чем носить джинсы', 's-chem-nosit-dzhinsy', 'Главным джинсовым трендом 2024 остается свободный крой. В широких джинсах, будь то клеш, бананы или трубы, чувствуешь себя стильно и непринужденно. Нарочитая небрежность оверсайз воодушевляет на модные эксперименты. Кроме широких джинсов в моде белые джинсы, черные, серые. Тот же, кто не любит эпатаж, может выбрать классику жанра – прямые темно-синие джинсы; они уместны всегда и везде.', '<p>Главным джинсовым трендом 2024 остается свободный крой. В широких джинсах, будь то клеш, бананы или трубы, чувствуешь себя стильно и непринужденно. Нарочитая небрежность оверсайз воодушевляет на модные эксперименты. Кроме широких джинсов в моде белые джинсы, черные, серые. Тот же, кто не любит эпатаж, может выбрать классику жанра &ndash; прямые темно-синие джинсы; они уместны всегда и везде.</p>\r\n\r\n<p>С чем носить джинсы в этом сезоне, чтобы выглядеть круто? Посмотрите 5 вариантов сочетаний, в которых модные джинсы 2024 создают эффектные образы.</p>\r\n\r\n<h4>1. Джинсы Light Wash + джинсовая куртка + кроссовки</h4>\r\n\r\n<p>Простая формула &laquo;деним плюс деним&raquo; может создать очень интересный и одновременно практичный look. Уже несколько сезонов подряд комплекты из одной и той же фактуры ткани пользуются особой популярностью. Деним у верха и низа может различаться по плотности и оттенку &ndash; это добавит шарма. В качестве дополнений подойдут белые кроссовки, к примеру, Adidas Samba, и теплая жилетка, стеганная или из меха.</p>\r\n\r\n<h4>2. Джинсы с отворотами + блейзер с поясом + балетки</h4>\r\n\r\n<p>Изящные женственные балетки идеально сочетаются с мешковатыми джинсами. Игра контрастов в одежде &ndash; брутальность-женственность, шерсть-шелк, классика-спорт, романтическая юбка-кеды, &ndash; создает яркие образы. Контраст усилит элегантный жакет с поясом на талии. В итоге получится женственный, стильный образ.&nbsp;</p>\r\n\r\n<h4>3. Широкие джинсы + красный джемпер + балетки</h4>\r\n\r\n<p>Хотите узнать самый простой способ мгновенно создать модный образ 2024? Просто купите красный свитер. Да, красный свитер оверсайз! В сочетании с широкими темно-синими джинсами красный свитер смотрится красиво и не скучно. Чтобы добавить немного элегантности, достаточно надеть женственные балетки и повесить на локоть сумочку в стиле Биркин.</p>\r\n\r\n<h4>4. Белые джинсы + замшевая куртка + ботильоны на каблуке</h4>\r\n\r\n<p>Особенность последних &laquo;джинсовых&raquo; сезонов заключается в том, чтобы носить белые джинсы не только летом. Модные джинсы 2024 &ndash; это белые джинсы круглый год. С чем носить белые джинсы? Они будут отлично смотреться в классическом контрасте с черным объёмным свитером. Не менее стильно белые джинсы будут сочетаться с коричневыми оттенками &ndash; а именно, с роскошной замшей: замшевая куртка и элегантные сапожки на каблуке.</p>\r\n\r\n<h4>5. Джинсы-карго + пуловер-ролли + модные кроссовки</h4>\r\n\r\n<p>Многие стилисты выступают против брюк-карго для женщин, относя их исключительно к рабочей одежде. Но идею джинсов-карго горячо поддерживают стритстайлеры и модные инфлюенсеры. Поэтому вне сомнений джинсы-карго &ndash; модные джинсы 2024. Безупречный образ можно создать, добавив в партнеры к джинсам кашемировый свитер-ролли, хорошую кожаную куртку, модные кроссовки и маленькую дизайнерскую сумочку. Женственно, но с вызовом!<br />\r\n&nbsp;</p>', 'uploads/hAIBFredDSrOW1Ex89S7NlWm4ZSaGJsBZwl8TlCg.jpg', 32, 1, 4, '2024-02-01 19:47:45', '2024-09-02 18:41:11'),
(13, 'Идеальный осенний салат: панцанелла на французский манер', 'idealnyy-osenniy-salat-pancanella-na-francuzskiy-maner', 'Сентябрь порадовал нас теплыми деньками. И отдавая дань благодарности и уважения, скажем ему Au revoir – но не словами, а рецептом восхитительной панцанеллы, приправленной французским изыском. Он красочный, сладко-соленый, необычный, короче говоря, идеальный осенний салат.', '<p>Сентябрь порадовал нас теплыми деньками. И отдавая дань благодарности и уважения, скажем ему Au revoir &ndash; но не словами, а рецептом восхитительной панцанеллы, приправленной французским изыском. Он красочный, сладко-соленый, необычный, короче говоря, идеальный осенний салат.</p>\r\n\r\n<p>Кто сказал, что мода &ndash; это только про одежду! Модным может быть интерьер, книги, кино, настроение, стиль жизни и, конечно же, еда. Поэтому я с удовольствием посвящаю этот пост модного блога настроению осени и модному осеннему блюду &ndash; тосканскому овощному салату панцанелле на французский манер.</p>\r\n\r\n<p>Ловите рецепт! Пробуйте и делитесь впечатлениями.</p>\r\n\r\n<h4>Ингредиенты, на 2 персоны:</h4>\r\n\r\n<p>80 г черствого хлеба (2-4 ломтика)<br />\r\n2 столовые ложки оливкового масла<br />\r\n2 зубчика чеснока<br />\r\n10 &ndash; 15 цветных помидоров черри<br />\r\n2 нектарина<br />\r\n2 &ndash; 4 плода инжира<br />\r\n1 &ndash; 2 буррата (или моцарелла)<br />\r\nБазилик<br />\r\nСоль и перец<br />\r\nНесколько капель белого бальзамического уксуса</p>\r\n\r\n<h4>Приготовление</h4>\r\n\r\n<p>Разогрейте духовку до 200&deg;C.</p>\r\n\r\n<p>Нарежьте хлеб крупными кусочками. Выложите их в небольшую салатницу с оливковым маслом и измельченным чесноком и хорошо перемешайте, чтобы хлеб пропитался.</p>\r\n\r\n<p>Выложите кусочки хлеба на противень, застеленный бумагой для выпечки, и выпекайте около 10 минут.</p>\r\n\r\n<p>Тем временем вымойте фрукты. Нарежьте нектарины и инжир дольками, разложите по тарелкам. Разложите также помидоры черри, разрезанные пополам. Добавьте пару шариков буррата, свежий базилик. Посолите, поперчите, сбрызнете оливковым маслом и парой капель бальзамического уксуса. Сверху выложите хорошо пропеченные гренки.</p>', 'uploads/1Z71ipgHZIu6bx22s2ZptjpmYdwUHuj6Zcw3kz6l.jpg', 12, 0, 7, '2024-02-02 19:16:02', '2024-08-20 22:13:52'),
(14, 'Выберите любой из 7 стильных образов, чтобы ваша весна стала эффектной', 'vyberite-lyuboy-iz-7-stilnyh-obrazov-chtoby-vasha-vesna-stala-effektnoy', 'Мода, безусловно, влияет на нас – на самоощущение, настроение и образ жизни. Жизнерадостная, окрашенная в яркие тона, мода весны 2023 настраивает на позитивный лад, призывает к смелости и креативу. Выберите любой из 7 модных образов – и ваша весна будет необыкновенной.', '<p>Выберите любой из 7 стильных образов, чтобы ваша весна стала эффектной</p>\r\n\r\n<p>Мода, безусловно, влияет на нас &ndash; на самоощущение, настроение и образ жизни. Жизнерадостная, окрашенная в яркие тона, мода весны 2023 настраивает на позитивный лад, призывает к смелости и креативу. Выберите любой из 7 модных образов &ndash; и ваша весна будет необыкновенной.</p>\r\n\r\n<p>Обычно, когда дело доходит до подбора нарядов к новому сезону, мы достаем из закромов проверенные решения &ndash; те надежные образы, которые исправно служат нам годами. А давайте сломаем стереотип, и этой весной попробуем примерить что-то совсем новое.</p>\r\n\r\n<p>Посмотрите подборку модных вещей из немецких интернет-магазинов и выберите любой из 7 стильных образов для эффектной весны.</p>\r\n\r\n<h4>1. Белая блузка + широкие джинсы</h4>\r\n\r\n<p>Белые блузки и джинсы &ndash; такое же естественное весеннее явление, как крокусы и нежный аромат первой зелени. Классическая белая рубашка мужского кроя в сочетании с синими джинсами скинни давно стала частью хрестоматии стиля. Весной 2023 это простое сочетание по-прежнему в тренде, разве что дизайнеры рекомендуют увеличить объем &ndash; выбирайте более свободную блузку и широкие джинсы.</p>\r\n\r\n<h4>2. Кардиган + юбка мини</h4>\r\n\r\n<p>Этой весной снова на пике моды нестареющая классика &ndash; кардиганы и жакеты в стиле Шанель. Если дополнить их шикарную эстетику модной юбкой мини &ndash; получится невероятно стильный образ. Попробуйте!</p>\r\n\r\n<h4>3. Платье макси + слингбэки</h4>\r\n\r\n<p>Макси &ndash; фетиш этой весны и лета. Юбки и платья макси были повсюду на подиумах в дизайнерских коллекциях сезона весна-лето 2023. Неудивительно, что продвинутые девушки уже запечатлели себя в платьях макси в своих аккаунтах в социальных сетях. Примерьте и вы модное платье макси. Один нюанс: гармоничным партнером длинному платью в этом сезоне будут изящные слингбэки.</p>\r\n\r\n<h4>4. Куртка-бомбер + джинсовая юбка</h4>\r\n\r\n<p>Скромная джинсовая юбка внезапно ворвалась в модные Must-Haves и стала одной из самых востребованных вещей 2023 года. Любые фасоны джинсовой юбки распродаются в рекордно короткие сроки. Если вы уже купили модную джинсовую юбку &ndash; сочетайте ее с такой же актуальной курткой-бомбером. И это будет бомба!</p>\r\n\r\n<h4>5. Яркий пиджак + бежевые джинсы</h4>\r\n\r\n<p>Выберите эффектный яркий пиджак, например, модного оттенка лайма, и оцените, как стильно он смотрится на фоне светло-бежевого тона. Изысканное сочетание и беспроигрышный стиль.</p>\r\n\r\n<h4>6. Юбка в складку + короткий свитер</h4>\r\n\r\n<p>Юбки в складку, особенно клетчатые, слегка подвинули своих родственниц &ndash; юбки плиссе. Они более универсальные и практичные для весеннего межсезонья. Так что, присмотрите модную юбку в складку. А в партнеры юбке в складку выберите короткий свитер. Получится идеальный весенний образ.</p>', 'uploads/MxpIQtfwcBls6KvI99MQoefrtR5OQKdvVKBj9h0f.jpg', 26, 0, 4, '2024-02-02 19:38:07', '2024-09-04 10:11:06'),
(15, 'Планировка детской комнаты', 'planirovka-detskoy-komnaty', 'У взрослых есть одновременно несколько комнат, где они могут заниматься своими делами: общаться с друзьями в гостиной, работать в кабинете, уединяться в спальне. В то же время у детей есть только одно помещение — их комната, которая служит и спальней, и местом приёма гостей и местом для занятий.', '<p>У взрослых есть одновременно несколько комнат, где они могутзаниматься своими делами: общаться с друзьями в гостиной, работать в кабинете, уединяться в спальне. В то же время у детей есть только одно помещение &mdash; их комната, которая служит&nbsp;и спальней, и местом приёма гостей и местом для занятий.&nbsp;Чтобы ребёнку было комфортно делать все эти дела в одном помещении, следует позаботиться о планировке детской.</p>\r\n\r\n<h4>Как правильно выбрать комнату для детской</h4>\r\n\r\n<p>Прежде чем начать планировку помещения для ребёнка, следует подобрать подходящую комнату. Нередко родители наиболее просторную и освещаемую комнату определяют как гостиную,&nbsp;но так ли это практично и правильно?&nbsp;В гостиной не всегда взрослые проводят много времени, зато для малыша светлая&nbsp;и большая комната будет самым настоящим подарком.</p>\r\n\r\n<p>Идеальный вариант &mdash; это комната&nbsp;с окнами, которые выходят на солнечную сторону и за ними нет лоджии или балкона. Также рекомендуется выбирать место, которое максимально отдалено от кухни и прихожей. Подальше от кухни, чтобы ребёнок не дышал запахами, и подальше от прихожей,&nbsp;чтобы в холодное время года открытая входная дверь не доставляла малышу дискомфорта, вызванного холодным воздухом.<br />\r\nБезопасность: один из важных факторов для детской комнаты<br />\r\nЕсли малышу совсем мало лет, но у него уже есть своя комната,&nbsp;стоит побеспокоиться о предельной безопасности помещения &mdash; это в первую очередь касается острых углов и сквозняков. Острые углы могут поджидать ребёнка где угодно, начиная от мебели&nbsp;и заканчивая подоконником и дверью. Обезопасить чадо&nbsp;от опасности наткнуться на угол поможет правильный подбор мебели с закруглёнными углами и различные мягкие насадки, надевающиеся на углы подоконника и батареи. Также следует позаботиться о том, чтобы окна были достаточно плотными,&nbsp;не пропускали влагу и холодный воздух, которые способны навредить здоровью малыша.</p>\r\n\r\n<h4>Зонирование детской комнаты</h4>\r\n\r\n<p>После того, как была выбрана подходящая комната, стоит распределить зоны деятельности, или иными словами заняться зонированием. Существует несколько конкретных зон, в которых ребёнок будет совершать определённые действия.<br />\r\nС самого юного возраста ребёнок активно занимается творчеством, поэтому нуждается в рабочем месте, которое&nbsp;через несколько лет перерастёт в место, где он будет делать уроки. Рабочее место должно находиться в самом светлом участке комнаты, поближе к окну.</p>\r\n\r\n<p>Рабочая зона подразумевает наличие следующей мебели:</p>\r\n\r\n<ul>\r\n	<li>Просторный стол</li>\r\n	<li>Удобный стул со спинкой, который будет подходить по росту</li>\r\n	<li>Места для хранения вещей (полки, ящики, шкафчики)</li>\r\n</ul>\r\n\r\n<p>Также не обойтись без лампы или любого другого источника света для работы в тёмное время суток. Нужно позаботиться,&nbsp;чтобы лампа издавала яркий и ровный свет и не причиняла дискомфорта глазам. Не стоит забывать и о розетке, которая должна располагаться возле стола, для подключения компьютера и лампы. Провода не должны лежать на столе, так как будут мешать занятиям. Если ребёнок ещё совсем маленький и не проводит много времени за творчеством и занятиями, достаточно будет одного небольшого журнального столика, который, впрочем, через несколько лет неминуемо придётся заменить на большой стол.</p>\r\n\r\n<p>Не менее важна зона отдыха и сна. Располагаться кровать должна в тёмном углу, в который не добирается сквозняк. Также кровать не должна находиться возле окна и батареи. Если места в комнате мало, а жить в нем будут двое малышей, можно обратить внимание на двухъярусные кровати, всевозможные раскладные кресла и кровати-трансформеры. Днём такая мебель не будет занимать много места, но вот ночью, когда дети не будут ходить по комнате, маленькая кровать развернётся в большую и удобную. Лучше не приобретать маленькую, совсем детскую мебель, так как дети быстро растут&nbsp;и из года в год кровати придётся менять.</p>\r\n\r\n<h4>Организация зоны для игр в детской</h4>\r\n\r\n<p>Игровую зону можно разместить в свободном участке, оставшемся после распределения рабочего и спального места. Зонадля игр может быть объединена с зоной отдыха, но должна быть максимально отдалённой от рабочей. Если место для игр будет вблизи рабочего стола, дети непроизвольно будут отвлекаться и думать об играх, а не об уроках.</p>', 'uploads/OxBrohqo0UI8zKsk1BYkP2Yz1VzCVS4KWedtksf9.jpg', 13, 0, 6, '2024-02-02 19:51:45', '2024-08-16 19:32:10');
INSERT INTO `posts` (`id`, `title`, `slug`, `description`, `content`, `thumbnail`, `views`, `show_on_slider`, `category_id`, `created_at`, `updated_at`) VALUES
(16, 'Правильное питание для похудения', 'pravilnoe-pitanie-dlya-pohudeniya', 'Неправильное питание может стать причиной плохого состояния кожи и самочувствия, появления лишнего веса и других проблем. Как правило, в такие моменты люди начинают придерживаться строгих диет, ограничивают себя и начинают испытывать стресс из-за этого. Наиболее оптимальный выход в данной ситуации - это правильное питание, при котором человек получает все необходимые витамины, макро- и микроэлементы, аминокислоты, белки, жиры и углеводы.', '<p>Неправильное питание может стать причиной плохого состояния кожи и самочувствия, появления лишнего веса и других проблем. Как правило, в такие моменты люди начинают придерживаться строгих диет, ограничивают себя и начинают испытывать стресс из-за этого. Наиболее оптимальный выход в данной ситуации - это правильное питание, при котором человек получает все необходимые витамины, макро- и микроэлементы, аминокислоты, белки, жиры и углеводы. При таком подходе не нужно отказываться от любимой еды и вгонять себя в строгие рамки. О том, что такое правильное питание и о его основных принципах расскажем в этой статье.</p>\r\n\r\n<h4>Основные принципы правильного питания</h4>\r\n\r\n<p>Существуют следующие принципы правильного питания:</p>\r\n\r\n<p>Разнообразие. Важно понимать, что правильное питание не подразумевает только употребление гречки, куриной грудки и овощей. Если поставить себе слишком строгие рамки, это будет приносить негативные эмоции, что заставит вернуться к прежнему стилю. ПП может быть разнообразным и вкусным, если углубиться в эту тему, искать рецепты и не бояться экспериментировать.</p>\r\n\r\n<p>Рацион должен преимущественно состоять из натуральных продуктов. При правильном питании рекомендуется отдавать предпочтение крупам, нежирному мясу, молочным продуктам, овощам и фруктам, бобовым, ягодам и орехам. При этом можно есть и сладости, и другую привычную еду, но в меньших количествах. Важно, чтобы все было в меру.</p>\r\n\r\n<p>Питьевой режим. Правильное питание подразумевает употребление достаточного количества жидкости. Расчет производится по рекомендуемой массе тела: 30 мл чистой воды на 1 кг веса. Это позволяет избавиться от отеков, наладить работу желудочно-кишечного тракта, ускорить обмен веществ.</p>\r\n\r\n<p>Подсчет КБЖУ. Считать калории, белки, жиры и углеводы необходимо, чтобы быть уверенным, что в организм поступает достаточное количество веществ. Особенно это важно при похудении, поскольку для снижения массы тела должен соблюдаться дефицит калорий.</p>\r\n\r\n<p>Дробность питания. Многие диетологи рекомендуют питаться часто и небольшими порциями. Оптимальный вариант - 5 раз в день, то есть 3 основных приема пищи и 2 перекуса. На ночь можно выпивать кефир или съедать натуральный нежирный йогурт. При этом существуют заболевания, когда нужно питаться 3 раза и плотно, например, при инсулинорезистентности. А есть патологии, когда организм не должен испытывать голод, поэтому принимать пищу необходимо часто. При каких-либо заболеваниях важно консультироваться с лечащим врачом, чтобы он подобрал оптимальный режим питания.</p>\r\n\r\n<p>Есть по требованию организма. Рекомендуется ориентироваться на чувство голода и свой собственный организм. Если есть хочется всего 3 раза в день, не нужно пытаться заставлять себя принимать пищу 5-6 раз.<br />\r\nКонцентрироваться на приеме пищи. Многие люди во время еды смотрят телевизор, листают социальные сети, разговаривают или переписываются с друзьями. Из-за этого нельзя в полной мере почувствовать вкус еды и понять, когда пришло насыщение. Это грозит перееданием, поэтому во время приема пищи лучше отложить все дела, выключить телевизор и убрать гаджеты.</p>\r\n\r\n<p>Готовить пищу непосредственно перед едой. Таким образом, продукты сохраняют максимальную пользу для организма и вкусовые характеристики.</p>\r\n\r\n<p>Тщательно пережевывать каждый кусочек, не торопиться и класть вилку, пока еда находится во рту.</p>\r\n\r\n<p>Употреблять рыбу. Во-первых, она богата белком и аминокислотами, необходимыми для организма человека. Во-вторых, в ней содержатся полиненасыщенные жирные кислоты омега-3, отвечающие за красоту и здоровье кожи, волос и ногтей, а также положительно влияющие на женский и мужской гормональный фон. Достаточно есть рыбу 2-3 раза в неделю.</p>\r\n\r\n<p>Есть фрукты и овощи в свежем виде. В них содержится много клетчатки, которая налаживает работу желудочно-кишечного тракта, предотвращает запоры, улучшает обмен веществ и способствует похудению.</p>\r\n\r\n<p>Вести активный образ жизни. Необязательно ходить в спортзал и заниматься изнурительными тренировками. Достаточно побольше гулять на свежем воздухе, проходить хотя бы 10000 шагов ежедневно, делать легкую зарядку. Можно подобрать физическую активность по душе, например, отдать предпочтение йоге, растяжке, плаванию или танцам.</p>\r\n\r\n<p>Основная часть углеводов должна употребляться в первой половине дня. Углеводы дают энергию на весь день, поэтому на завтрак рекомендуется съедать кашу. При этом важно, чтобы углеводы были сложными, поскольку это поможет зарядиться энергией на весь день. На ужин лучше есть белки в сочетании с, например, идеальным вариантом станет мясо/рыба со свежим салатом.</p>\r\n\r\n<p>Соблюдая данные принципы, можно не только сбросить лишний вес, но и наладить здоровье, улучшить самочувствие, сделать тело подтянутым, сохранить молодость и красоту.</p>\r\n\r\n<p>Как перейти на правильное питание</p>\r\n\r\n<p>Переходя на правильное питание, важно понимать, что это дело требует усилий и терпения. Отказываться от вредных продуктов и привычек необходимо постепенно, чтобы не спровоцировать нарушения психоэмоционального фона и негативного ответа организма. Ограничения, безусловно, присутствовать должны, но в пределах разумного.</p>\r\n\r\n<p>Чтобы перейти на ПП, рекомендуется выполнить следующее:</p>\r\n\r\n<p>Отказ от алкоголя. Спиртные напитки негативно влияют на работу всех систем организма, вызывают множество опасных заболеваний, проблемы со сном, отеки и т.д. Алкоголь провоцирует аппетит, поэтому человек наряду с выпивкой начинает больше есть, из-за чего появляется лишний вес. Кроме того, во время застолья зачастую употребляется пища, которую тяжело назвать полезной. Это могут быть различные чипсы, сухарики, копченые и соленые продукты.<br />\r\nПридерживаться режима. Рекомендуется выбрать определенное время для каждого приема пищи, в том числе перекусов. Если стоит цель сбросить вес, нужно рассчитать суточную калорийность и разделить ее на количество приемов пищи. При этом на завтрак приходится 30% от РСК, на обед - 35%, на ужин - 25%, на 2 перекуса - по 5%.</p>\r\n\r\n<p>Не пренебрегать ужином. Многие люди любят вспоминать пословицу, где говорится &ldquo;ужин отдай врагу&rdquo;. По условиям правильного питания делать это категорически нельзя, поскольку организм нуждается в энергии даже ночью. Рекомендуется лишь исключить тяжелую для желудка еду, соленое, жареное, жирное и копченое. Следует отдавать предпочтение белковым продуктам и свежим овощам.</p>\r\n\r\n<p>Не пропускать завтрак. Есть с утра нужно обязательно, поскольку данный прием пищи позволяет разбудить организм и зарядиться энергией на весь день. По этой причине завтрак должен быть питательным, содержать в себе сложные углеводы, полезные жиры и белки.</p>\r\n\r\n<p>Вести пищевой дневник. Многие специалисты рекомендуют пациентам при переходе на правильное питание записывать все, что они едят, а также фиксировать свое самочувствие. Это нужно для того, чтобы определить слабые места, какие продукты следует исключить, а что начать есть.</p>\r\n\r\n<p>На начальных этапах можно также считать калории с помощью специального приложения. Там же есть возможность найти единомышленников и зарядиться мотивацией для достижения своей цели. Также в начале пути сложно отказаться от любимой еды, например, колбасы, выпечки, чипсов и т.д. В интернете можно найти полезную замену этим продуктам, а в магазинах достаточно вкусных снеков, &ldquo;правильных&rdquo; сладостей и прочего для ПП.</p>\r\n\r\n<h4>Что нужно есть, а от чего лучше отказаться</h4>\r\n\r\n<p>В рационе каждого человека, который решил правильно питаться, должны быть следующие продукты:</p>\r\n\r\n<p>Мясо. Рекомендуется ежедневно употреблять в пищу мясо курицы и индейки, поскольку это ценный источник белка, который необходим для стабильной работы мозга, желудочно-кишечного тракта, обменных процессов и поддержания хорошего самочувствия. Для разнообразия можно есть также фарш, говядину и субпродукты. От жирных сортов мяса лучше отказаться.</p>\r\n\r\n<p>Рыба и морепродукты. В них, помимо белка, содержатся полиненасыщенные жирные кислоты омега-3, необходимые для поддержания работы сердечно-сосудистой и центральной нервной системы. Кроме того, вещества, содержащиеся в рыбе и морепродуктах, способствуют сохранению красоты и молодости кожи. Есть их необходимо 2-3 раза в неделю, а идеальным дополнением станут свежие овощи.</p>\r\n\r\n<p>Овощи и фрукты. В этих продуктах содержится много клетчатки, которая оказывает положительное воздействие на метаболизм и пищеварение. Овощи и фрукты содержат антиоксиданты, выводящие вредные вещества из организма. Кроме того, в этих продуктах много витаминов, аминокислот и микроэлементов, без которых невозможны хорошее самочувствие и высокий иммунитет. Есть овощи и фрукты необходимо каждый день, хотя бы по 500 г.</p>\r\n\r\n<p>Яйца. В них содержится ценный белок и полезные жиры, поэтому рекомендуется включить перепелиные и куриные яйца в свой повседневный рацион.</p>\r\n\r\n<p>Крупы. Цельнозерновые обязательно должны входить в рацион правильного питания, поскольку они насыщают организм сложными углеводами, которые в свою очередь дарят энергию и чувство сытости. Они являются основой полноценного завтрака и обеда, а вот из ужина их лучше исключить. Рекомендуется на регулярной основе включить в меню гречку, рис, перловку, пшено, овсянку и другие крупы. Также следует употреблять макароны из твердых сортов пшеницы, цельнозерновой хлеб.</p>\r\n\r\n<p>Бобовые. Сюда относятся фасоль, нут, горох, чечевица и т.д. Они являются ценным источником углеводов и белка, поэтому зачастую люди, придерживающиеся вегетарианства, веганства и других типов питания, где исключается пища животного происхождения, заменяют этими продуктами мясо.</p>\r\n\r\n<p>Молочные и кисломолочные продукты. Многие ошибочно полагают, что выбирать необходимо обезжиренную продукцию, не подозревая, что пользы в ней мало. Жиры, содержащиеся в них, положительно воздействуют на организм, улучшая обмен веществ и работу ЖКТ. Помимо этого, молочные и кисломолочные продукты содержат белок, а также множество полезных элементов.</p>\r\n\r\n<p>Следует исключить из рациона газированные напитки, сладости, алкоголь, еду быстрого приготовления, майонез и соусы на его основе, жареное, копченое, фаст-фуд, чипсы, колбасы и сосиски.<br />\r\n&nbsp;</p>', 'uploads/v1A2l2xYpboAMbG7n0T8GEJdt96Snw0PiZbNyEpz.jpg', 14, 0, 7, '2024-02-02 20:02:24', '2024-09-04 10:12:00'),
(17, 'Как справиться со стрессом', 'kak-spravitsya-so-stressom', 'Стресс – это нормальное психологическое явление, без которого не может обойтись ни один человек в мире. Современные люди ежедневно решают большое количество разных задач, работают, самореализуются, учатся чему-то новому. Существуют такие понятия, как дистресс и эустресс, то есть «плохой» и «хороший» стресс, о которых необходимо знать, чтобы эффективно бороться с ними', '<p>Стресс &ndash; это нормальное психологическое явление, без которого не может обойтись ни один человек в мире. Современные люди ежедневно решают большое количество разных задач, работают, самореализуются, учатся чему-то новому. Существуют такие понятия, как дистресс и эустресс, то есть &laquo;плохой&raquo; и &laquo;хороший&raquo; стресс, о которых необходимо знать, чтобы эффективно бороться с ними. Существует множество приемов в психологии, позволяющих избавиться от этих состояний и вернуться к прежнему ритму жизни. В этой статье вы узнаете о том, как бороться со стрессом, что это такое и можно ли его предотвратить.</p>\r\n\r\n<h4>Дистресс и эустресс: что это?</h4>\r\n\r\n<p>Эустресс &ndash; это хороший, и даже полезный стресс, поскольку он возникает не в негативных ситуациях, а в случае различных перемен в жизни. Например, человек решил отправиться в отпуск, и ему необходимо оформить загранпаспорт, найти отель, купить множество разных вещей. Для него эти хлопоты будут приятными, при этом повышенная эмоциональная нагрузка заставляет его испытывать стресс. Дистресс характеризуется негативными эмоциями. Например, человека понизили в должности, урезали заработную плату, условия его жизни стали хуже. В этой ситуации он будет находиться в дистрессе, поскольку произошли неприятные события.</p>\r\n\r\n<p>Ситуаций может быть множество, при этом нужно уметь с ними справляться, а также работать над стрессоустойчивостью. Как правило, бороться со эустрессом не нужно, достаточно выполнять некоторые упражнения, чтобы избавиться от волнения и нервной возбудимости. Многие люди в этом состоянии отличаются повышенной мотивацией и способностью быстро принимать решения в критических ситуациях.</p>\r\n\r\n<h4>Симптомы дистресса</h4>\r\n\r\n<p>Чтобы понять, находится ли человек в стрессе, нужно обратить внимание на его состояние. На дистресс указывает следующая симптоматика:</p>\r\n\r\n<p>- Снижение иммунитета. Когда человек находится в этом негативном состоянии на постоянной основе, он начинает часто простужаться, заражаться инфекциями и вирусами.</p>\r\n\r\n<p>- Желание находиться в другом состоянии. Например, есть люди, которые при дистрессе постоянно хотят спать, другие же начинают выпивать и принимать запрещенные вещества.</p>\r\n\r\n<p>- Бессонница. Из-за нервного перенапряжения и негативных эмоций сон становится беспокойным, а зачастую уснуть в целом может быть проблематично.</p>\r\n\r\n<p>- Желание уйти в бессознательное состояние, например, заниматься деятельностью, которая не требует умственной нагрузки. Это может быть просмотр телевизора, просмотр ленты социальной сети, виртуальные игры и т.д.</p>\r\n\r\n<p>- Тремор. У человека в стрессе может дергаться глаз, бровь, уголок рта и т.д.</p>\r\n\r\n<p>Если не пытаться избавиться от дистресса, он может стать хроническим, и тогда человек потеряет интерес к жизни, желание заниматься любимым делом, общаться с друзьями и т.д. Люди в таком состоянии хотят отделиться от внешнего мира, уйти &laquo;в себя&raquo;. Поведение человека зачастую меняется, но у всех это происходит индивидуально. Одни могут винить себя, другие станут проявлять агрессию к окружающим и близким, третьи пытаются сделать вид, что проблемы вовсе нет.</p>\r\n\r\n<h4>Как справиться со стрессом</h4>\r\n\r\n<p>Чтобы справиться со стрессовым состоянием, необходимо сконцентрироваться на себе, слушать свой внутренний голос, заботиться о своем организме, заниматься чем-то приятным, общаться с друзьями и т.д. Помимо этого, есть универсальные психологические приемы, позволяющие эффективно бороться со стрессом.</p>\r\n\r\n<h4>Забота о себе</h4>\r\n\r\n<p>В первую очередь нужно позаботиться о собственном организме, ведь все системы связаны между собой. Спровоцировать стресс может даже нехватка полезных веществ, поэтому нужно сбалансированно питаться, отказаться от вредных привычек. Особенно опасен для психологического состояния алкоголь, поскольку он дает ощущение эйфории только в период его распития, а на утро человек ощущает похмелье и все сопутствующие симптомы. Именно это и вызывает апатию, негативные эмоции и другие признаки стресса.</p>\r\n\r\n<p>Отнимать энергию и провоцировать плохое психологическое состояние могут банальные повседневные дела: уборка, стирка, готовка, поход в магазин за продуктами. Отличным вариантом будет облегчение этой рутины. Можно вместо посещения супермаркета оформить доставку еды на дом, купить различные гаджеты для уборки, посудомойку и т.д.</p>\r\n\r\n<h4>Фильтрация зрительной и слуховой информации</h4>\r\n\r\n<p>В современном мире инфополе каждого человека переполнено большим количеством различных данных. Важно окружить себя чем-то приятным, исключить факторы, негативно влияющие на эмоциональное состояние. Например, в социальных сетях мелькает множество новостей о происходящем в мире, из-за чего люди начинают сомневаться в своем будущем, бояться перемен. Рекомендуется отписаться от лишних каналов и сообществ, оставить несколько важных и интересных, желательно с положительным контентом. На ночь следует выключать телевизор, отказаться от использования телефона и компьютера хотя бы за час до сна. Лучше посвятить это время чему-то полезному и приятному, почитать книгу, например. Кроме того, следует перестать смотреть блогеров, показывающих &laquo;идеальную&raquo; картинку. Это заставляет обычных людей думать, что они чем-то хуже, не достойны лучшей жизни и т.д. В большинстве случаев блогеры просто создают контент, который позволяет привлечь аудиторию и спровоцировать ее на реакции.</p>\r\n\r\n<h4>Качественный сон и отдых</h4>\r\n\r\n<p>Продолжительный и качественный отдых &ndash; залог физического и психоэмоционального здоровья. Взрослому человеку требуется 8 часов сна, чтобы высыпаться, чувствовать себя бодро и полноценно. Идеально, если будет выработан определенный режим сна, например, с 00:00 до 8:00, либо с 22:00 до 6:00. Современный ритм жизни требует от людей большого объема сил и энергии, в том числе эмоциональной. Именно поэтому рекомендуется отдыхать в выходные дни, стараясь максимально оградить себя от нервных перегрузок и повседневных дел. Чтобы сон был качественным, следует спать в темноте и тишине, отказавшись от телевизора, музыки и посторонних шумов.</p>', 'uploads/zzgy0WkGFoebYOEhhVGBPO6cr9KVeCWrAjojirXp.jpg', 25, 0, 3, '2024-02-06 18:13:01', '2024-08-12 20:41:41'),
(18, 'Как выбрать и как наносить солнцезащитный крем', 'kak-vybrat-i-kak-nanosit-solncezashchitnyy-krem', 'Готовясь к летнему сезону или собираясь на курорт, стоит задуматься о выборе солнцезащитного крема, ведь это важнейшая часть ежедневного ухода за кожей. Из-за интенсивного воздействия ультрафиолетового излучения кожа становится уязвимой, возрастает риск появления морщин, солнечных ожогов, пигментных пятен и даже онкологических заболеваний. Поскольку мы не можем на все лето закрыться дома и не выходить на улицу, стоит позаботиться о ее защите от вредных солнечных лучей с помощью санскрин-средств', '<p>Готовясь к летнему сезону или собираясь на курорт, стоит задуматься о выборе солнцезащитного крема, ведь это важнейшая часть ежедневного ухода за кожей. Из-за интенсивного воздействия ультрафиолетового излучения кожа становится уязвимой, возрастает риск появления морщин, солнечных ожогов, пигментных пятен и даже онкологических заболеваний. Поскольку мы не можем на все лето закрыться дома и не выходить на улицу, стоит позаботиться о ее защите от вредных солнечных лучей с помощью санскрин-средств. Кроме того, необходимо правильно наносить солнцезащитный крем для сохранения здоровья кожи. Итак, как выбрать солнцезащитный крем? На что нужно обратить внимание при его покупке? Мы поможем разобраться.</p>\r\n\r\n<h4>Виды солнцезащитных кремов</h4>\r\n\r\n<p>Задача солнцезащитных средств &ndash; блокировать и поглощать ультрафиолетовые лучи с помощью различных физических и химических веществ. Ведь воздействие ультрафиолетовых лучей, с которыми мы сталкиваемся при нахождении на солнце и в солярии, может привести к преждевременному старению и даже раку кожи.<br />\r\nПо механизму действия существует два типа солнцезащитных фильтров:</p>\r\n\r\n<p>1. Физические солнцезащитные средства &ndash; действуют как отражающий барьер, оставаясь на поверхности кожи и отражая ультрафиолетовые лучи от тела или лица. Основными активными ингредиентами в этих продуктах являются:</p>\r\n\r\n<p>- оксид цинка,<br />\r\n- диоксид титана.</p>\r\n\r\n<p>Такие средства часто называют минеральными солнцезащитными кремами. Принято считать, что они обладают мягким действием, не раздражают чувствительную кожу и увлажняют ее. Однако большим недостатком минеральных защитных средств является то, что они плохо впитываются кожей и придают ей нежелательный белесый оттенок.</p>\r\n\r\n<p>2. Химические солнцезащитные средства &ndash; блокируют ультрафиолетовые лучи, впитывая их в кожу, вызывают химическую реакцию, которая помогает предотвратить повреждение ультрафиолетом. Распространенными активными ингредиентами химических санскринов являются:</p>\r\n\r\n<p>- авобензон,<br />\r\n- оксибензон,<br />\r\n- октизалат,<br />\r\n- гомосалат,<br />\r\n- октокрилен,<br />\r\n- октиноксат.</p>\r\n\r\n<p>Химические солнцезащитные кремы более устойчивы к воде и поту, быстрее впитываются в кожу. Однако они могут закупорить поры.</p>\r\n\r\n<h4>Солнцезащитный крем SPF. Какой выбрать</h4>\r\n\r\n<p>На этикетке солнцезащитного крема указан фактор защиты от солнца (SPF). SPF &ndash; это число, которое показывает, насколько хорошо солнцезащитный крем защищает кожу от повреждений, вызванных определенным типом УФ-излучения. SPF 15 &ndash; это минимальный уровень, который дерматологи рекомендуют при любом воздействии солнца. SPF выше 50 скорее маркетинговая уловка. Ни одно косметическое средство не блокирует 100% ультрафиолетовых лучей, и солнцезащитный крем, который обещает фактор SPF 100, на самом деле блокирует всего на 1% больше вредоносных лучей, чем крем с SPF 50.</p>\r\n\r\n<p>Показатель SPF важен, но это не единственное, на что следует обращать внимание. Наша кожа подвергается воздействию двух типов ультрафиолетовых лучей: UVA и UVB. Фактор SPF показывает, какую степень защиты обеспечивает солнцезащитный крем от UVB-лучей, которые являются основной причиной солнечных ожогов. Но SPF не говорит о защите от UVA-лучей, которые проникают в более глубокие слои кожи, поэтому способны вызывать появление преждевременных морщин и злокачественных новообразований.</p>\r\n\r\n<p>Чтобы обеспечить защиту и от UVA-лучей, выбирайте солнцезащитный крем, на этикетке которого указано &laquo;широкий спектр действия&raquo;, либо UVA/UVB . Этот термин означает, что продукт защищает от UVA- и UVB-лучей.</p>\r\n\r\n<h4>Как выбрать солнцезащитный крем для лица и тела</h4>\r\n\r\n<p>На этикетках солнцезащитных кремов содержится ключевая информация, которая поможет вам оценить их эффективность. Счастливые обладатели нормальной кожи и те, у кого нет никаких проблем с ней, могут выбрать любой солнцезащитный крем, который хорошо смотрится на лице и теле. Тем не менее, всегда желательно отдавать предпочтение минеральным солнцезащитным средствам, а не химическим, чтобы предотвратить раздражение кожи в будущем.</p>\r\n\r\n<h4>Сухая кожа</h4>\r\n\r\n<p>При воздействии солнца кожа активно теряет влагу, и это особенно губительно для сухой кожи. Именно поэтому обладателям этого типа кожи к солнцезащитному крему следует добавлять увлажняющее средство или выбирать санскрины, содержащие ухаживающие ингредиенты. Хорошо подойдет солнцезащитный крем с керамидами или гиалуроновой кислотой. Или просто нанесите солнцезащитный крем поверх обычного увлажняющего крема. При этом важно дать коже высохнуть между продуктами. Подождите минут пять, прежде чем наносить санскрин.</p>\r\n\r\n<h4>Жирная кожа</h4>\r\n\r\n<p>Такая кожа всегда ощущается жирной и выглядит блестящей даже после умывания. Причина этого в том, что сальные железы с переизбытком производят кожное сало. Если использовать плотный или жирный солнцезащитный крем, поры могут постепенно закупориться из-за избытка жира и тогда проблем с акне не избежать. Поскольку кожа уже жирная, легкий и матовый химический солнцезащитный лосьон является правильным выбором в этом случае.</p>\r\n\r\n<h4>Чувствительная кожа</h4>\r\n\r\n<p>Чувствительная кожа остается свежей и сияющей при воздействии наименьшего количества ингредиентов, на которые она могла бы отреагировать. Выбирайте минеральный солнцезащитный крем, поскольку в его состав входят физические компоненты, такие как оксид цинка и диоксид титана. Эти два ключевых ингредиента отлично подходят для использования на лице, поскольку не раздражают слизистую глаз. Они образуют своеобразный барьер на коже, который защищает ее от проникновения ультрафиолетовых лучей.</p>\r\n\r\n<h4>Склонная к акне кожа</h4>\r\n\r\n<p>Известно, что солнцезащитные средства закупоривают поры. Следовательно, важно выбирать безмасляные формулы для лица. Лучше отдать предпочтение некомедогенным солнцезащитным средствам, которые не содержат ингредиентов, закупоривающих поры кожи. Солнцезащитные кремы с оксидом цинка или диоксидом титана, как правило, лучше переносятся людьми с проблемной кожей.</p>\r\n\r\n<h4>Как выбрать солнцезащитный крем для отдыха на море</h4>\r\n\r\n<p>Для отдыха на море или у любого другого водоема следует подбирать водостойкие солнцезащитные формулы. Слово &laquo;водостойкий&raquo; на этикетке крема означает, что солнцезащитное средство разработано таким образом, чтобы сохранять эффективность, несмотря на присутствие воды или пота. Однако стоит понимать, что ни один солнцезащитный крем не действует бесконечно, а когда вы плаваете или потеете, часть состава элементарно смывается и стекает с поверхности кожи. Также при вытирании кожи полотенцем солнцезащитный крем практически полностью удаляется. Поэтому, даже если крем водостойкий и наносился на тело менее двух часов назад, рекомендуем повторно нанести его сразу после купания и использования полотенца.</p>\r\n\r\n<h4>Как выбрать солнцезащитный крем для ребенка</h4>\r\n\r\n<p>У детей более тонкая и чувствительная к воздействию негативных факторов кожа. Повреждения, полученные в раннем возрасте, могут увеличить риск возникновения более серьезных проблем в дальнейшей жизни. В чем разница между солнцезащитными средствами для малышей и для взрослых? Солнцезащитные кремы для детей часто содержат те же активные ингредиенты, что и для взрослых, но с более привлекательной маркировкой и маркетингом. Солнцезащитный крем с пометкой &laquo;детский&raquo; и фактором SPF 30 не защитит вашего ребенка лучше, чем обычный &laquo;взрослый&raquo; с тем же уровнем SPF 30, если оба средства водостойкие и содержат одинаковые активные ингредиенты. Прежде чем приобрести любой косметический продукт для ребенка, в особенности раннего возраста, внимательно изучите этикетку с составом. Желательно, чтобы в нем отсутствовали консерванты и отдушки, поскольку они могут вызвать аллергические реакции. Как правило, детские средства имеют более чистый в этом плане состав, поэтому подходят и для взрослых с чувствительной кожей.</p>\r\n\r\n<p>Также проверьте активные ингредиенты и поищите в списке оксид цинка или диоксид титана. Эти ингредиенты солнцезащитного крема широкого спектра действия физически блокируют солнечные лучи и оказывают наименьшее раздражающее действие на чувствительную кожу малыша. Такие компоненты отлично подходят для использования на лице, поскольку не вызывают жжения при попадании в глаза.</p>\r\n\r\n<p>Следует обратить внимание и на фактор защиты от солнца &ndash; он должен быть не менее (SPF) 30 или выше, а еще лучше с надписью &laquo;широкого спектра действия&raquo;. Это означает, что средство защищает как от ультрафиолетовых UVA-лучей, так и от лучей UVB. Также желательно выбирать солнцезащитный крем с надписью &laquo;водостойкий&raquo; чтобы можно было активно играть на детской площадке или плескаться бассейне.</p>\r\n\r\n<p>Не рекомендуется использовать для детей косметические средства с распылением. Это связано с тем, что маленькие дети обычно не умеют задерживать дыхание и легко вдыхают химические вещества в момент распыления. Активные ингредиенты солнцезащитного крема полезны для кожи, но при этом вредны для легких. Многим нравятся лосьоны, поскольку они содержат увлажняющие компоненты и имеют более легкую текстуру. Однако для детей лучше использовать более густой крем, поскольку именно жирные продукты, как правило, обладают лучшей водостойкостью и дольше удерживаются на поверхности кожи.</p>', 'uploads/MUfAwtctZiMVNuDoq36PhMVQb4PWCvZZSukiO5MI.jpg', 96, 0, 3, '2024-02-06 18:19:46', '2024-09-04 10:13:03'),
(19, 'Лондон: город, в который сложно не влюбиться', 'london-gorod-v-kotoryy-slozhno-ne-vlyubitsya', 'Британская столица встречает почти всех путешественников, направляющихся в Великобританию, и неизменно заставляет задержаться в ней подольше. Это мультикультурный город, в котором музеи современного искусства и лучшие театры соседствуют с викторианскими элегантными зданиями и современными стеклянными небоскрёбами. У каждого района («боро») Лондона свой уникальный характер, и непременно нужно познакомиться с каждым из них. Рассказываем, что смотреть и делать в этом потрясающем городе.', '<p>Британская столица встречает почти всех путешественников, направляющихся в Великобританию, и неизменно заставляет задержаться в ней подольше. Это мультикультурный город, в котором музеи современного искусства и лучшие театры соседствуют с викторианскими элегантными зданиями и современными стеклянными небоскрёбами. У каждого района (&laquo;боро&raquo;) Лондона свой уникальный характер, и непременно нужно познакомиться с каждым из них. Рассказываем, что смотреть и делать в этом потрясающем городе.</p>\r\n\r\n<p>Как добраться</p>\r\n\r\n<p>В настоящий момент самолёты из Москвы в Лондон не летают, однако до британской столицы можно добраться с одной пересадкой &mdash; через Ереван, Стамбул или Анталью. Британское посольство в России продолжает выдачу туристических виз, и при правильно собранных документах соискатели получают их без проблем.&nbsp;&nbsp; &nbsp;</p>\r\n\r\n<p>Самые фотогеничные локации</p>\r\n\r\n<p><img alt=\"\" src=\"/public/uploads/images/Images2/post-22-1.jpg\" /></p>\r\n\r\n<p>Побывав в Лондоне, многие туристы стремятся обойти те хрестоматийные виды, что обычно показывают в британских сериалах и кино. Конечно, начинается классический маршрут с разводного Тауэрского моста, соединяющего берега Темзы с 1894 года. Неподалёку находится и сам Лондонский Тауэр &mdash; один из символов столицы и главная крепость Великобритании. За годы своего существования он побывал дворцом, хранилищем королевских драгоценностей, арсеналом, монетным двором, тюрьмой, обсерваторией и даже зоопарком. Сегодня там открыт один из самых посещаемых английских музеев, в котором хранятся сокровища британской короны.</p>\r\n\r\n<p><img alt=\"\" src=\"/public/uploads/images/Images2/post-22-2.jpg\" /></p>\r\n\r\n<p>От Тауэра можно дойти до Сити (бизнес-квартала) и собора святого Павла, масштабного белоснежного сооружения 1675 года постройки. Рядом много модных кафе, ресторанов и магазинов. Неподалёку находится пешеходный мост Тысячелетия, который также часто называют мостом из &laquo;Гарри Поттера&raquo;, так как он засветился в одной из частей франшизы. Мост был &nbsp;возведён в 1999 году в ознаменование наступления третьего тысячелетия, став одним из немногих масштабных сооружений Соединённого Королевства, созданных в связи с празднованием Миллениума. С него открывается великолепный вид на лондонские небоскрёбы, реконструированный театр &laquo;Шекспировский Глобус&raquo; и собор святого Павла.&nbsp;</p>\r\n\r\n<p><img alt=\"\" src=\"/public/uploads/images/Images2/post-22-3.jpg\" /></p>\r\n\r\n<p>Сердце Лондона &mdash; боро Вестминстер. Именно тут находятся самые знаменитые достопримечательности: часовая Елизаветинская башня, больше известная в народе как Биг Бен, Вестминстерский дворец (Парламент), Букингемский дворец, Трафальгарская площадь и, конечно же, Вестминстерское аббатство, где венчали, короновали и отпевали большинство британских монархов.</p>\r\n\r\n<p><img alt=\"\" src=\"/public/uploads/images/Images2/post-22-4.jpg\" /></p>\r\n\r\n<p>Атмосферную Англию рекомендуем искать в районе Ноттинг Хилл, который также известен улицей с разноцветными домами Портобелло-роуд и популярным блошиным рынком Портобелло-маркет, и на вестминстерской улице Даунинг-стрит, где притаились резиденции британского премьер-министра и других важнейших фигур правительства страны.</p>\r\n\r\n<p>За ярким шопингом отправляйтесь на улицу Пикадилли &mdash; здесь вы найдёте не только магазины самых популярных и известных мировых брендов, но и главного поставщика королевского двора, универмаг Fortnum &amp; Mason. Четыре этажа с истинно британскими товарами &mdash; парфюмерией и косметикой, чаями, сладостями, сувенирами &mdash; никого не оставят равнодушным, уйти отсюда без покупок просто невозможно. Ко всему прочему, к каждому праздничному сезону магазин &laquo;переодевают&raquo;: всегда интересно посмотреть на новое оформление, особенно в предрождественские дни.</p>\r\n\r\n<p>Для тех, кто ищет британский колорит, советуем посетить районы Кенсингтон и Ричмонд и полюбоваться городской застройкой. Кроме того, в этих боро находятся и многие любопытные достопримечательности: в Кенсингтоне &mdash; Кенсингтонские сады с одноимённым королевским дворцом, музейный городок викторианской эпохи Южный Кенсингтон и Меркато Мейфэйр, гастрономический рынок в здании старинной церкви; в Ричмонде &mdash; Ричмондский мост, дворец Хэмптон-корт, а также один из старейших пабов города, The Cricketer, основанный в 1770 году.</p>\r\n\r\n<p>Если же вам хочется мультикультурной экзотике, то в Лондоне вы найдёте её в индуистских храмах Шри Сваминараян Мандир в Нисдене и Шри Санатан Хинду Мандир в Уэмбли. Украшения этих храмов были вырезаны вручную в Индии, и их внешний облик совершенно не напоминает ни о чём британском. Также советуем посетить район Саутхолл-Бродвей, где обосновались индийские, пакистанские и бангладешские диаспоры.<br />\r\n&nbsp;</p>', 'uploads/bhWdYMe1otyP1kuaOvBGg10jiuZJKnWDYQkugYGp.jpg', 75, 0, 2, '2024-02-06 18:38:06', '2024-09-05 08:46:02'),
(20, 'Лучшие горнолыжные курорты Сербии', 'luchshie-gornolyzhnye-kurorty-serbii', 'Сербия расположена в самом сердце Балканского полуострова и является отличным направлением для горнолыжного туризма. Благодаря своему местоположению, а также соотношению цены и качества, страна каждый год привлекает на свои трассы множество любителей горнолыжного отдыха. Здесь есть всё, что нужно для катания: современные курорты, оборудованные по последнему слову техники и подходящие для разных предпочтений и уровней подготовки', '<p>Сербия расположена в самом сердце Балканского полуострова и является отличным направлением для горнолыжного туризма. Благодаря своему местоположению, а также соотношению цены и качества, страна каждый год привлекает на свои трассы множество любителей горнолыжного отдыха. Здесь есть всё, что нужно для катания: современные курорты, оборудованные по последнему слову техники и подходящие для разных предпочтений и уровней подготовки, пейзажи с красивыми снежными горными массивами, развитая инфраструктура и возможности для развития горнолыжного туризма.</p>\r\n\r\n<h4>Как добраться</h4>\r\n\r\n<p>Добраться из России в Сербию можно прямыми рейсами, например, из Москвы, Казани или Сочи авиакомпанией Air Serbia, Аэрофлот или другими авиалиниями, которые летают из России. Стоимость билетов зависит от сезона и авиакомпании, но цена за билет туда-обратно начинается от 20 000 рублей.</p>\r\n\r\n<h4>Горнолыжный туризм в Сербии</h4>\r\n\r\n<p>История горнолыжного спорта в Сербии начинается в середине XX века, когда в 1964 году в стране открылся первый курорт &mdash; Копаоник. В этом же году Международная федерация лыжного спорта и сноуборда (FIS) признала его международным горнолыжным центром.</p>\r\n\r\n<p>В Сербии континентальный климат, поэтому здесь идеальные условия для зимних видов спорта. Холодные зимы с обильными снегопадами создают стойкое покрытие на трассах, и кататься тут одно удовольствие.</p>\r\n\r\n<p>Сезон на горнолыжных курортах обычно начинается в конце ноября или начале декабря и продолжается до конца марта &mdash; начала апреля. Точные даты могут варьироваться в зависимости от погодных условий, количества снега и иных факторов. Если хотите получить актуальную информацию о датах открытия и закрытия, лучше следить за официальной информацией на сайтах курортов. Пик сезона обычно приходится на зимние каникулы, праздники и выходные дни, когда на курорты съезжаются местные жители и туристы.</p>\r\n\r\n<p>На горнолыжных курортах Сербии обычно расположены современные центры с разнообразными подъёмниками и лыжными трассами. Гостям доступны пункты аренды снаряжения, лыжные школы, а также уютные апре-ски и рестораны для полноценного отдыха после активного катания. Добавим ко всему этому ещё гостеприимство местных жителей и культурные особенности, и классный отдых на горнолыжных курортах Сербии вам обеспечен.</p>\r\n\r\n<h4>Главные курорты</h4>\r\n\r\n<p>Сербия &mdash; небольшая страна, но на её территории располагаются целых 10 горнолыжных курортов, удобно расположенных во всех её частях &mdash; Копаоник, Златибор, Стара Планина, Дивчибаре, Црни Врх, Врнячка-Баня (Гоч), Брезовица, Райково &ndash; Майданпек, Златар, Бесна Кобила. Поэтому, где бы вы ни находились, вы всегда сможете доехать до ближайшей горнолыжки и насладиться катанием на Балканах. Ниже мы расскажем о четырёх главных курортах страны.</p>\r\n\r\n<h4>Копаоник (Центральная Сербия)</h4>\r\n\r\n<p>Это самый известный, развитый и крупный центр зимнего туризма в Сербии. Свыше 50 км лыжных и 12 км беговых трасс, 28 подъёмников, система искусственного оснежения, трасса для гонок, равнинных лыж и ночного катания. Все эти условия, высококлассная инфраструктура, наличие апре-ски, ресторанов и разнообразных развлечений делают Копаоник привлекательным местом для уютного отдыха и катания горнолыжников всех уровней.</p>\r\n\r\n<h4>Стара Планина (Восточная Сербия)</h4>\r\n\r\n<p>Горнолыжный курорт Стара Планина &mdash; самый новый сербский курорт, который располагается на одноимённой горе (самой высокой в Сербии) и предоставляет горнолыжникам возможность наслаждаться не только качественными разнообразными лыжными трассами, но и природными красотами. На территории курорта есть отель Stara Planina &amp; Spa 4* с детской анимацией и спа-центром, горнолыжная школа для детей и взрослых и другая инфраструктура. В свободное время можно погулять по национальному парку, посмотреть на одну из главных вершин страны Бабин Зуб (охраняемый природный заповедник) или посетить спортивно-оздоровительный центр Баньица.</p>\r\n\r\n<h4>Златибор (Торник) (Западная Сербия)</h4>\r\n\r\n<p>Златибор &mdash; третий по популярности горнолыжный курорт в стране, добраться до которого легко и просто (он находится в 230 км от Белграда). Общая протяжённость трасс &mdash; 8 километров, есть 1 трасса повышенной сложности и 3 для новичков, а канатная дорога спокойно пропускает 3 000 лыжников/час. Этот курорт больше подходит для новичков и семей с детьми. Здесь можно взять в аренду и покататься на моторных санях или снегоходах, а также понаблюдать за соревнованиями по биатлону.</p>\r\n\r\n<h4>Дивчибаре (Северо-Западная Сербия)</h4>\r\n\r\n<p>Дивчибаре &mdash; это популярный горнолыжный центр в паре часов от Белграда, расположенный посреди горного массива Мален. На курорте существуют две горнолыжные трассы высокой категории сложности: &laquo;Центар&raquo; для имеющих опыт скоростных спусков любителей и &laquo;Чрни Врх&raquo; для профессиональных горнолыжников. Новички или малоопытные райдеры могут покататься на соседней турбазе &laquo;Змей&raquo; с пологими безопасными склонами. Что касается развлечений в окрестностях Дивчибара, рекомендуем посмотреть каньон Чёрной реки, 30-метровый водопад Скакало и минеральные источники у подножия гор Чубрица и Марковы Чанцы.</p>', 'uploads/VnA6HEGM2cTP5jl6Y3my1kgiWTd547QKj7R247aY.jpg', 39, 0, 2, '2024-02-04 18:58:40', '2024-09-04 10:08:28'),
(22, 'Дизайн гостиной: выбор стиля и особенности', 'dizayn-gostinoy-vybor-stilya-i-osobennosti', 'Центральной комнатой в любом доме или большой квартире является гостиная. Это определяет и особенности ее оформления, и порядок формирования внутреннего пространства. Дизайн гостиной должен соответствовать общей стилистике дома и не выделяться среди остальных комнат', '<p>Центральной комнатой в любом доме или большой квартире является гостиная. Это определяет и особенности ее оформления, и порядок формирования внутреннего пространства. Дизайн гостиной должен соответствовать общей стилистике дома и не выделяться среди остальных комнат. Следует помнить, что общее впечатление о квартире создается из восприятия двух основных помещений &ndash; гостиной и прихожей. Существуют различные стили дизайна гостиной, которые используются в наши дни.</p>\r\n\r\n<h3>Стиль лофт в интерьере гостиной</h3>\r\n\r\n<p style=\"text-align:center\"><img alt=\"\" src=\"/public/uploads/files/44.jpg\" /></p>\r\n\r\n<p>Один из самых спорных и оригинальных стилей интерьера гостиной. Характеризуется следующими особенностями:</p>\r\n\r\n<p>1. Обилие нарочито грубой и неприкрытой текстуры. Приветствуются неприкрытые кирпичные или бетонные стены, промышленные балки под потолком, открытые коммуникации.</p>\r\n\r\n<p>2. Наличие больших окон, свободных от штор и тюли. Допустимо использование стилизованных жалюзи или металлических решеток.</p>\r\n\r\n<p>3. Обилие свободного пространства. В качестве разделительного элемента используется зонирование, большинство помещений объединены: например, дизайн кухни-гостиной в стиле лофт должен быть грамотно подобран с учетом имеющейся площади. Фото кухни-гостиной в дизайне этого направления особенно популярны.</p>\r\n\r\n<p>4. Вопрос искусственного освещения решается с помощью промышленных осветительных приборов, а в качестве напольного покрытия применяется плитка, деревянная доска, паркет.</p>\r\n\r\n<h3>Гостиная в современном стиле</h3>\r\n\r\n<p style=\"text-align:center\"><img alt=\"\" src=\"/public/uploads/images/Images2/33.jpg\" /></p>\r\n\r\n<p>Наиболее распространенный вариант оформления интерьера гостиной. Отличается применением следующих приемов:</p>\r\n\r\n<p>1. Функциональность преобладает над декоративностью. Минимум вычурных деталей и флористических узоров, все подчинено прагматической составляющей.</p>\r\n\r\n<p>2. Обилие светлых тонов. Самый распространенный оттенок в интерьере гостиной &ndash; бежевый в различных комбинациях. Это же правило распространяется и на предметы мебели.</p>\r\n\r\n<p>3. Соблюдается принцип минимализма. Свободное пространство является необходимым признаком современного стиля. На фото дизайн гостиной выглядит словно воздушный и свободный от всего лишнего.</p>\r\n\r\n<p>4. Используется декор, соответствующий стилистическому оформлению. Его не должно быть много, и он должен быть функциональным. В качестве образца можно использовать настенное зеркало.</p>\r\n\r\n<h3>Стиль арт-деко</h3>\r\n\r\n<p style=\"text-align:center\"><img alt=\"\" src=\"/public/uploads/files/_1_1.jpg\" /></p>\r\n\r\n<p>Еще один образец оригинального интерьера. В наши дни чаще всего используется при оформлении домов творческих и публичных людей. Выделяется следующими особенностями:</p>\r\n\r\n<p>1. Изобилует наличием декоративных элементов и отделкой на грани вызова. Вместе с тем это довольно органичный и самобытный стиль. Предметы интерьера отличаются сложностью форм и наличием декора.</p>\r\n\r\n<p>2. Цветовая гамма держится на контрасте. Основной фон может быть светлым и темно-шоколадным, но обязательно контрастным. Яркие детали применяются как фоновые вкрапления.</p>\r\n\r\n<p>3. Присутствует обилие стекла, глянцевых поверхностей, сложных декоративных элементов.</p>\r\n\r\n<p>4. Используются этнические и исторические орнаменты, например, античный узор, африканская маска, шкура экзотического животного. Фото гостиной, дизайн которой выполнен в стиле арт-деко, отличаются яркостью и оригинальностью</p>\r\n\r\n<h3>Гостиная в стиле минимализма</h3>\r\n\r\n<p>Еще одно современное направление, часто используемое в интерьерах гостиных. Близок к современному стилю, но имеет некоторые отличия. Основными чертами являются:</p>\r\n\r\n<p>1. Четкое зонирование пространства гостиной.</p>\r\n\r\n<p>2. Сдержанная цветовая гамма, выдержанная в светлых тонах.</p>\r\n\r\n<p>3. Присутствует минимально необходимый набор мебели. Цветовая гамма варьируется от белого до серого или оттенков светлого дерева.</p>\r\n\r\n<p>4. Аксессуаров и декораций должно быть немного. Они не должны быть вычурными, сложными, яркими.</p>\r\n\r\n<p>5. Дизайн гостиной комнаты обязан быть строго пропорциональным.</p>\r\n\r\n<p>Лучшим вариантом интерьера является тот, который придется по душе владельцам и сделает проживание комфортным.</p>', 'uploads/images/krs4y4bIXOmfuZcWN6x2P4y9Xn3xcH8X9659QuqP.jpg', 20, 1, 6, '2024-08-25 10:31:00', '2024-09-04 10:07:09'),
(24, 'Популярные стили интерьера квартиры', 'populyarnye-stili-interera-kvartiry', 'При выборе дизайна комнаты или квартиры необходимо ориентироваться на особенности помещения, функциональность обстановки и собственные предпочтения. Правильно выбранный стиль интерьера квартиры поможет сделать помещение уютным и подчеркнет вкус владельца.', '<p>При выборе дизайна комнаты или квартиры необходимо ориентироваться на особенности помещения, функциональность обстановки и собственные предпочтения. Правильно выбранный стиль интерьера квартиры поможет сделать помещение уютным и подчеркнет вкус владельца.</p>\r\n\r\n<p>Все стили дизайна интерьера можно разделить на группы, в каждой из которых существует несколько отдельных направлений. Понятие стиля интерьера включает в себя не только предметы отделки и обстановки, но и требования к аксессуарам, освещению, декоративным элементам и даже правила расстановки мебели.</p>\r\n\r\n<h3 style=\"text-align:center\">Классический стиль</h3>\r\n\r\n<p><img alt=\"\" src=\"/public/uploads/images/images3/2024-09-05-002%20(1).jpg\" /></p>\r\n\r\n<p>Это направление в дизайне тесно связано с определенным историческим периодом и включает в себя особенности архитектуры и обстановки прошлых лет. Классический стиль отлично подходит при оформлении квартиры или дома большой площади. Для его создания используется элитная мебель из дорогих натуральных материалов. Главным украшением являются не аксессуары, а ткани и материалы отделки.</p>\r\n\r\n<p>В это направление входят такие стили, как барокко, ампир, викторианский, классицизм, романский. Классический стиль интерьера квартиры отличается:</p>\r\n\r\n<p>- спокойной цветовой палитрой;</p>\r\n\r\n<p>- использованием дорогих натуральных материалов для отделки стен и пола;</p>\r\n\r\n<p>- симметричностью композиции;</p>\r\n\r\n<p>- наличием центрального элемента, в качестве которого обычно выступает диван в гостиной или кровать в спальне;</p>\r\n\r\n<p>- обилием света.</p>\r\n\r\n<h3 style=\"text-align:center\">Этнический стиль</h3>\r\n\r\n<p><img alt=\"\" src=\"/public/uploads/images/images3/2024-09-05-003%20(1).jpg\" /></p>\r\n\r\n<p>У каждого народа свои представления о красоте жилища. Группа этнических стилей включает в себя десятки различных направлений, среди которых марокканский, японский, скандинавский, средиземноморский и многие другие. Это направление дизайна подразумевает оформление интерьера с учетом стиля жизни и традиций того или иного народа. Для этнического стиля характерно:</p>\r\n\r\n<p>- использование национальных цветов, узоров и орнаментов;</p>\r\n\r\n<p>- включение в обстановку традиционных предметов декора;</p>\r\n\r\n<p>- часто отдается предпочтение натуральным материалам;</p>\r\n\r\n<p>- единая цветовая гамма.</p>\r\n\r\n<p>Чтобы создать обстановку квартиры в этническом стиле, необходимо хорошо знать особенности культуры и быта народа. Наибольшей популярностью пользуется обстановка в стиле азиатских и африканских народов. Для такого интерьера характерно наличие плетеной мебели, предметов из натуральных материалов. Одним из центральных элементов являются предметы декора, которые должны подчеркивать общее направление дизайна.</p>\r\n\r\n<h3 style=\"text-align:center\">Современный стиль</h3>\r\n\r\n<p><img alt=\"\" src=\"/public/uploads/images/images3/2024-09-05-004.jpg\" /></p>\r\n\r\n<p>В течение последних 50-100 лет активно формировалось новое направление в дизайне интерьера &ndash; современный стиль. Он предполагает большую свободу в использовании разных форм и текстур. Направление включает в себя стили техно, лофт, хай-тек, авангард, эко-стиль. Для современного стиля интерьера квартиры характерны минимализм, комфорт и функциональность. Его основные отличия заключаются в следующем:</p>\r\n\r\n<p>- сдержанная цветовая гамма;</p>\r\n\r\n<p>- присутствие отдельных ярких акцентов;</p>\r\n\r\n<p>- максимальное количество свободного пространства;</p>\r\n\r\n<p>- обилие прямых линий и сдержанных форм;</p>\r\n\r\n<p>- минимум декоративных элементов;</p>\r\n\r\n<p>продуманное зонирование пространства.</p>\r\n\r\n<p>В современный стиль удачно вписываются элементы обстановки, созданные в других дизайнерских направлениях. Например, квартиру можно украсить одним или несколькими аксессуарами, выполненным в этническом стиле.</p>', 'uploads/images/RfJoDFFAiRrlTVMGqUARHhHB0ApYss1utptTkeQE.jpg', 6, 0, 6, '2024-09-05 08:29:51', '2024-09-05 08:56:52');

-- --------------------------------------------------------

--
-- Структура таблицы `post_tag`
--

CREATE TABLE `post_tag` (
  `post_id` bigint(20) UNSIGNED NOT NULL,
  `tag_id` bigint(20) UNSIGNED NOT NULL
) ENGINE=InnoDB DEFAULT CHARSET=utf8mb4 COLLATE=utf8mb4_unicode_ci;

--
-- Дамп данных таблицы `post_tag`
--

INSERT INTO `post_tag` (`post_id`, `tag_id`) VALUES
(1, 1),
(2, 5),
(2, 6),
(3, 7),
(8, 8),
(9, 9),
(10, 1),
(10, 3),
(11, 2),
(11, 1),
(12, 8),
(13, 9),
(14, 8),
(15, 1),
(16, 9),
(17, 7),
(18, 7),
(19, 10),
(19, 6),
(20, 6),
(22, 2),
(22, 3),
(24, 1);

-- --------------------------------------------------------

--
-- Структура таблицы `tags`
--

CREATE TABLE `tags` (
  `id` bigint(20) UNSIGNED NOT NULL,
  `title` varchar(255) COLLATE utf8mb4_unicode_ci NOT NULL,
  `slug` varchar(255) COLLATE utf8mb4_unicode_ci NOT NULL,
  `created_at` timestamp NULL DEFAULT NULL,
  `updated_at` timestamp NULL DEFAULT NULL
) ENGINE=InnoDB DEFAULT CHARSET=utf8mb4 COLLATE=utf8mb4_unicode_ci;

--
-- Дамп данных таблицы `tags`
--

INSERT INTO `tags` (`id`, `title`, `slug`, `created_at`, `updated_at`) VALUES
(1, 'Дизайн интерьера', 'interior-design', '2024-01-24 15:46:04', '2024-01-24 15:46:04'),
(2, 'Арт-деко', 'art-deco', '2024-01-24 15:47:26', '2024-01-24 15:47:26'),
(3, 'Минимализм', 'minimalizm', '2024-01-24 15:48:42', '2024-01-24 15:48:42'),
(5, 'Париж', 'paris', '2024-01-28 18:31:36', '2024-01-28 18:31:36'),
(6, 'Путешествия', 'travel', '2024-01-28 18:31:55', '2024-01-28 18:31:55'),
(7, 'Lifestyle', 'lifestyle', '2024-01-28 18:48:26', '2024-01-28 18:48:26'),
(8, 'Мода', 'fashion', '2024-01-29 18:38:14', '2024-01-29 18:38:14'),
(9, 'Кулинария', 'cooking', '2024-01-29 19:41:20', '2024-01-29 19:41:20'),
(10, 'Лондон', 'london', '2024-02-06 18:31:27', '2024-02-06 18:31:27');

-- --------------------------------------------------------

--
-- Структура таблицы `users`
--

CREATE TABLE `users` (
  `id` bigint(20) UNSIGNED NOT NULL,
  `name` varchar(255) COLLATE utf8mb4_unicode_ci NOT NULL,
  `email` varchar(255) COLLATE utf8mb4_unicode_ci NOT NULL,
  `email_verified_at` timestamp NULL DEFAULT NULL,
  `password` varchar(255) COLLATE utf8mb4_unicode_ci NOT NULL,
  `is_admin` tinyint(4) NOT NULL DEFAULT 0,
  `remember_token` varchar(100) COLLATE utf8mb4_unicode_ci DEFAULT NULL,
  `created_at` timestamp NULL DEFAULT NULL,
  `updated_at` timestamp NULL DEFAULT NULL
) ENGINE=InnoDB DEFAULT CHARSET=utf8mb4 COLLATE=utf8mb4_unicode_ci;

--
-- Дамп данных таблицы `users`
--

INSERT INTO `users` (`id`, `name`, `email`, `email_verified_at`, `password`, `is_admin`, `remember_token`, `created_at`, `updated_at`) VALUES
(4, 'Admin', 'admin@blog.archakov.pro', NULL, '$2y$12$IQrn52HVSTPDSCRf1JBQY.2O08PR/UrPiMPAEdsEfbIEBPHsl5Gte', 1, NULL, '2024-02-22 16:34:18', '2024-02-22 16:34:18'),
(10, 'Артем', 'artem@mail.com', NULL, '$2y$12$iMphxlutTQahYXmlgvSGcOxR77879YWlRoLnAuLbOEtl0cVFOogLC', 0, 'Jv6abF11ELpi4C0rseKrK3pU9n411UcMH53jIrPl7OJ1OzJquJ4o9D8TlbTS', '2024-08-04 19:57:47', '2024-09-02 16:04:23'),
(14, 'Алена', 'alena@mail.com', NULL, '$2y$12$WrQz7YId9kuAbT/ZSFiEb.DXve3U9sT9MLxsUVkH21WILa/2nSdMm', 0, NULL, '2024-09-04 10:10:57', '2024-09-04 10:10:57');

--
-- Индексы сохранённых таблиц
--

--
-- Индексы таблицы `categories`
--
ALTER TABLE `categories`
  ADD PRIMARY KEY (`id`),
  ADD UNIQUE KEY `categories_slug_unique` (`slug`);

--
-- Индексы таблицы `comments`
--
ALTER TABLE `comments`
  ADD PRIMARY KEY (`id`),
  ADD KEY `comments_post_id_foreign` (`post_id`),
  ADD KEY `comments_user_id_foreign` (`user_id`);

--
-- Индексы таблицы `failed_jobs`
--
ALTER TABLE `failed_jobs`
  ADD PRIMARY KEY (`id`),
  ADD UNIQUE KEY `failed_jobs_uuid_unique` (`uuid`);

--
-- Индексы таблицы `likes`
--
ALTER TABLE `likes`
  ADD KEY `likes_post_id_foreign` (`post_id`),
  ADD KEY `likes_user_id_foreign` (`user_id`);

--
-- Индексы таблицы `migrations`
--
ALTER TABLE `migrations`
  ADD PRIMARY KEY (`id`);

--
-- Индексы таблицы `password_reset_tokens`
--
ALTER TABLE `password_reset_tokens`
  ADD PRIMARY KEY (`email`);

--
-- Индексы таблицы `personal_access_tokens`
--
ALTER TABLE `personal_access_tokens`
  ADD PRIMARY KEY (`id`),
  ADD UNIQUE KEY `personal_access_tokens_token_unique` (`token`),
  ADD KEY `personal_access_tokens_tokenable_type_tokenable_id_index` (`tokenable_type`,`tokenable_id`);

--
-- Индексы таблицы `posts`
--
ALTER TABLE `posts`
  ADD PRIMARY KEY (`id`),
  ADD UNIQUE KEY `posts_slug_unique` (`slug`),
  ADD KEY `posts_category_id_foreign` (`category_id`);
ALTER TABLE `posts` ADD FULLTEXT KEY `content` (`content`);
ALTER TABLE `posts` ADD FULLTEXT KEY `title` (`title`);

--
-- Индексы таблицы `post_tag`
--
ALTER TABLE `post_tag`
  ADD KEY `post_tag_post_id_foreign` (`post_id`),
  ADD KEY `post_tag_tag_id_foreign` (`tag_id`);

--
-- Индексы таблицы `tags`
--
ALTER TABLE `tags`
  ADD PRIMARY KEY (`id`),
  ADD UNIQUE KEY `tags_slug_unique` (`slug`);

--
-- Индексы таблицы `users`
--
ALTER TABLE `users`
  ADD PRIMARY KEY (`id`),
  ADD UNIQUE KEY `users_email_unique` (`email`);

--
-- AUTO_INCREMENT для сохранённых таблиц
--

--
-- AUTO_INCREMENT для таблицы `categories`
--
ALTER TABLE `categories`
  MODIFY `id` bigint(20) UNSIGNED NOT NULL AUTO_INCREMENT, AUTO_INCREMENT=16;

--
-- AUTO_INCREMENT для таблицы `comments`
--
ALTER TABLE `comments`
  MODIFY `id` bigint(20) UNSIGNED NOT NULL AUTO_INCREMENT, AUTO_INCREMENT=36;

--
-- AUTO_INCREMENT для таблицы `failed_jobs`
--
ALTER TABLE `failed_jobs`
  MODIFY `id` bigint(20) UNSIGNED NOT NULL AUTO_INCREMENT;

--
-- AUTO_INCREMENT для таблицы `migrations`
--
ALTER TABLE `migrations`
  MODIFY `id` int(10) UNSIGNED NOT NULL AUTO_INCREMENT, AUTO_INCREMENT=12;

--
-- AUTO_INCREMENT для таблицы `personal_access_tokens`
--
ALTER TABLE `personal_access_tokens`
  MODIFY `id` bigint(20) UNSIGNED NOT NULL AUTO_INCREMENT;

--
-- AUTO_INCREMENT для таблицы `posts`
--
ALTER TABLE `posts`
  MODIFY `id` bigint(20) UNSIGNED NOT NULL AUTO_INCREMENT, AUTO_INCREMENT=25;

--
-- AUTO_INCREMENT для таблицы `tags`
--
ALTER TABLE `tags`
  MODIFY `id` bigint(20) UNSIGNED NOT NULL AUTO_INCREMENT, AUTO_INCREMENT=13;

--
-- AUTO_INCREMENT для таблицы `users`
--
ALTER TABLE `users`
  MODIFY `id` bigint(20) UNSIGNED NOT NULL AUTO_INCREMENT, AUTO_INCREMENT=15;

--
-- Ограничения внешнего ключа сохраненных таблиц
--

--
-- Ограничения внешнего ключа таблицы `comments`
--
ALTER TABLE `comments`
  ADD CONSTRAINT `comments_post_id_foreign` FOREIGN KEY (`post_id`) REFERENCES `posts` (`id`) ON DELETE CASCADE,
  ADD CONSTRAINT `comments_user_id_foreign` FOREIGN KEY (`user_id`) REFERENCES `users` (`id`) ON DELETE CASCADE;

--
-- Ограничения внешнего ключа таблицы `likes`
--
ALTER TABLE `likes`
  ADD CONSTRAINT `likes_post_id_foreign` FOREIGN KEY (`post_id`) REFERENCES `posts` (`id`) ON DELETE CASCADE,
  ADD CONSTRAINT `likes_user_id_foreign` FOREIGN KEY (`user_id`) REFERENCES `users` (`id`) ON DELETE CASCADE;

--
-- Ограничения внешнего ключа таблицы `posts`
--
ALTER TABLE `posts`
  ADD CONSTRAINT `posts_category_id_foreign` FOREIGN KEY (`category_id`) REFERENCES `categories` (`id`);

--
-- Ограничения внешнего ключа таблицы `post_tag`
--
ALTER TABLE `post_tag`
  ADD CONSTRAINT `post_tag_post_id_foreign` FOREIGN KEY (`post_id`) REFERENCES `posts` (`id`) ON DELETE CASCADE,
  ADD CONSTRAINT `post_tag_tag_id_foreign` FOREIGN KEY (`tag_id`) REFERENCES `tags` (`id`) ON DELETE CASCADE;
COMMIT;

/*!40101 SET CHARACTER_SET_CLIENT=@OLD_CHARACTER_SET_CLIENT */;
/*!40101 SET CHARACTER_SET_RESULTS=@OLD_CHARACTER_SET_RESULTS */;
/*!40101 SET COLLATION_CONNECTION=@OLD_COLLATION_CONNECTION */;
